Year,Rnd,DT,OvPck,FrRnd,RdPck,Tm,Signed,Name,Pos,WAR,G,AB,HR,BA,OPS,G,W,L,ERA,WHIP,SV,Type,Drafted Out of
1990,1,,4,FrRnd,4,White Sox,Y,Alex Fernandez (minors),RHP,28.9,266,126,3,0.175,0.537,263,107,87,3.74,1.28,0,4Yr,Miami-Dade College Kendall Campus (Miami FL)
1990,1,,5,FrRnd,5,Pirates,Y,Kurt Miller (minors),RHP,-2.6,44,14,0,0.286,0.571,44,2,7,7.48,1.91,0,HS,West HS (Bakersfield CA)
1990,1,,9,FrRnd,9,Dodgers,Y,Ron Walden (minors),LHP,,,,,,,,,,,,,HS,Blanchard HS (Blanchard OK)
1990,1,,12,FrRnd,12,Twins,Y,Todd Ritchie (minors),RHP,6.3,187,187,0,0.176,0.409,184,43,54,4.71,1.43,0,HS,Duncanville HS (Duncanville TX)
1990,1,,13,FrRnd,13,Cardinals,Y,Donovan Osborne (minors),LHP,5.7,166,259,1,0.162,0.422,163,49,46,4.03,1.31,0,4Yr,University of Nevada-Las Vegas (Las Vegas NV)
1990,1,,14,FrRnd,14,Athletics via Brewers,Y,*Todd Van Poppel (minors),RHP,-0.2,359,57,0,0.158,0.362,359,40,52,5.58,1.55,4,HS,James W. Martin HS (Arlington TX)
1990,1,,16,FrRnd,16,Rangers,Y,Dan Smith (minors),LHP,0,17,0,0,,,17,1,5,4.66,1.93,0,4Yr,Creighton University (Omaha NE)
1990,1,,20,FrRnd,20,Orioles,Y,Mike Mussina (minors),RHP,83,537,52,0,0.173,0.381,537,270,153,3.68,1.19,0,4Yr,Stanford University (Palo Alto CA)
1990,1,,22,FrRnd,22,Blue Jays,Y,Steve Karsay (minors),RHP,11.2,358,4,0,0,0,357,32,39,4.01,1.38,41,HS,Christ the King HS (Queens NY)
1990,1,,23,FrRnd,23,Cubs,Y,Lance Dickson (minors),LHP,-0.3,3,3,0,0,0,3,0,3,7.24,1.76,0,4Yr,University of Arizona (Tucson AZ)
1990,1,,25,FrRnd,25,Padres via Royals,Y,*Robbie Beckett (minors),LHP,-0.3,7,0,0,,,7,0,0,11.57,2.43,0,HS,McCallum HS (Austin TX)
1990,1,,26,FrRnd,26,Athletics,Y,Don Peters (minors),RHP,,,,,,,,,,,,,4Yr,University of St. Francis (Joliet IL)
1990,1s,,27,FrRnd,27,Pirates,Y,*Mike Zimmerman (minors),RHP,,,,,,,,,,,,,4Yr,University of South Alabama (Mobile AL)
1990,1s,,28,FrRnd,28,Expos,Y,*Gabe White (minors),LHP,6.5,472,38,1,0.105,0.312,472,34,26,4.51,1.22,17,HS,Sebring HS (Sebring FL)
1990,1s,,31,FrRnd,31,Astros,Y,*Brian Williams (minors),RHP,-4,260,85,0,0.176,0.398,256,26,38,5.37,1.66,6,4Yr,University of South Carolina (Columbia SC)
1990,1s,,32,FrRnd,32,Padres,Y,*Scott Sanders (minors),RHP,4.7,236,129,0,0.194,0.464,235,34,45,4.86,1.39,5,4Yr,Nicholls State University (Thibodaux LA)
1990,1s,,34,FrRnd,34,Athletics,Y,*Dave Zancanaro (minors),LHP,,,,,,,,,,,,,4Yr,University of California Los Angeles (Los Angeles CA)
1990,1s,,35,FrRnd,35,Expos,Y,*Stan Spencer (minors),RHP,-0.5,24,31,0,0.161,0.413,23,3,9,5.54,1.37,0,4Yr,Stanford University (Palo Alto CA)
1990,1s,,36,FrRnd,36,Athletics,Y,*Kirk Dressendorfer (minors),RHP,-0.8,7,0,0,,,7,3,3,5.45,1.56,0,4Yr,University of Texas at Austin (Austin TX)
1990,1s,,37,FrRnd,37,Expos,Y,*Ben VanRyn (minors),LHP,-0.1,26,1,0,0,0,26,0,2,5.74,2.04,0,HS,East Noble HS (Kendaliville IN)
1990,2,,41,FrRnd,1,Red Sox via Braves,Y,*Frankie Rodriguez (minors),RHP,1.2,186,6,0,0.167,0.333,184,29,39,5.53,1.56,5,HS,Eastern District HS (Brooklyn NY)
1990,2,,42,FrRnd,2,Athletics via Tigers,Y,*Curtis Shaw (minors),LHP,,,,,,,,,,,,,4Yr,University of Kansas (Lawrence KS)
1990,2,,43,FrRnd,3,Phillies,N,Tim Schweitzer (minors),LHP,,,,,,,,,,,,,HS,Reedsport HS (Reedsport OR)
1990,2,,44,FrRnd,4,White Sox,Y,Bob Wickman (minors),RHP,17.2,835,2,0,0,0,835,63,61,3.57,1.4,267,4Yr,University of Wisconsin at Whitewater (Whitewater WI)
1990,2,,50,FrRnd,10,Expos via Yankees,Y,*Tavo Alvarez (minors),RHP,-0.3,19,16,0,0.125,0.25,19,3,6,5.4,1.56,0,HS,Tucson HS (Tucson AZ)
1990,2,,51,FrRnd,11,Expos,Y,Chris Haney (minors),LHP,3.2,197,36,0,0.111,0.222,196,38,52,5.07,1.47,1,4Yr,University of North Carolina at Charlotte (Charlotte NC)
1990,2,,56,FrRnd,16,Rangers,N,Mike Schiefelbein (minors),RHP,,,,,,,,,,,,,HS,Chatfield HS (Littleton CO)
1990,2,,58,FrRnd,18,Twins via Red Sox,Y,*Ron Caridad (minors),RHP,,,,,,,,,,,,,HS,Westminster Christian (Miami FL)
1990,2,,60,FrRnd,20,Orioles,Y,Erik Schullstrom (minors),RHP,-0.2,46,0,0,,,46,0,0,6,1.77,1,4Yr,California State University Fresno (Fresno CA)
1990,2,,61,FrRnd,21,Giants,N,Jose Prado (minors),RHP,,,,,,,,,,,,,HS,Coral Gables HS (Coral Gables FL)
1990,2,,63,FrRnd,23,Cubs,Y,Ryan Hawblitzel (minors),RHP,-0.1,8,1,0,0,0,8,0,1,6,1.6,0,HS,John I. Leonard HS (Greenacres FL)
1990,2,,64,FrRnd,24,Angels,Y,Phil Leftwich (minors),RHP,2.5,34,0,0,,,34,9,17,4.99,1.45,0,4Yr,Radford University (Radford VA)
1990,2s,,67,FrRnd,27,White Sox,N,*Eric Maloney (minors),RHP,,,,,,,,,,,,,HS,Carmel HS (Mundelein IL)
1990,2s,,69,FrRnd,29,Orioles,Y,*Jeff Williams (minors),RHP,,,,,,,,,,,,,4Yr,Wichita State University (Wichita KS)
1990,2s,,70,FrRnd,30,Giants,Y,*Joe Rosselli (minors),LHP,-1,9,10,0,0.2,0.4,9,2,1,8.7,1.97,0,HS,Bishop Alemany HS (Mission Hills CA)
1990,2s,,72,FrRnd,32,Cubs,Y,*Troy Bradford (minors),RHP,,,,,,,,,,,,,4Yr,University of Arizona (Tucson AZ)
1990,2s,,73,FrRnd,33,Dodgers,Y,*Scott Freeman (minors),RHP,,,,,,,,,,,,,4Yr,University of Wyoming (Laramie WY)
1990,3,,77,FrRnd,4,White Sox,Y,Robert Ellis (minors),RHP,-0.5,29,26,0,0.154,0.339,29,7,7,6.03,1.58,0,JC,Panola College (Carthage TX)
1990,3,,79,FrRnd,6,Mariners,Y,Dave Fleming (minors),LHP,5.3,116,0,0,,,116,38,32,4.67,1.5,0,4Yr,University of Georgia (Athens GA)
1990,3,,80,FrRnd,7,Reds,Y,Dan Tobin (minors),RHP,,,,,,,,,,,,,HS,Dowagiac Union HS (Dowagiac MI)
1990,3,,84,FrRnd,11,Expos,Y,Mike Mathile (minors),RHP,,,,,,,,,,,,,4Yr,Wright State University (Dayton OH)
1990,3,,89,FrRnd,16,Rangers,Y,Bobby Reed (minors),RHP,,,,,,,,,,,,,4Yr,Mississippi State University (Mississippi State MS)
1990,3,,94,FrRnd,21,Giants,Y,Rick Huisman (minors),RHP,0.3,29,0,0,,,29,2,1,5.31,1.49,1,4Yr,Lewis University (Romeoville IL)
1990,3,,96,FrRnd,23,Cubs,Y,Tim Parker (minors),RHP,,,,,,,,,,,,,4Yr,Clemson University (Clemson SC)
1990,3,,98,FrRnd,25,Royals,Y,Shayne Rea (minors),RHP,,,,,,,,,,,,,JC,Henry Ford Community College (Dearborn MI)
1990,3,,99,FrRnd,26,Athletics,Y,Chaon Garland (minors),RHP,,,,,,,,,,,,,4Yr,Haverford College in Pennsylvania (Haverford PA)
1990,4,,104,FrRnd,5,Phillies,Y,John Ingram (minors),LHP,,,,,,,,,,,,,JC,Los Angeles Harbor College (Wilmington CA)
1990,4,,105,FrRnd,6,White Sox,Y,James Baldwin (minors),RHP,9.2,266,44,0,0.091,0.25,266,79,74,5.01,1.46,2,HS,Pinecrest HS (Southern Pines NC)
1990,4,,108,FrRnd,9,Reds,Y,Mike Ferry (minors),RHP,,,,,,,,,,,,,4Yr,Auburn University (Auburn AL)
1990,4,,111,FrRnd,12,Yankees,Y,Kirt Ojala (minors),LHP,0.1,56,33,0,0.121,0.346,56,3,10,4.71,1.58,0,4Yr,University of Michigan (Ann Arbor MI)
1990,4,,113,FrRnd,14,Twins,N,Silvio Censale (minors),LHP,,,,,,,,,,,,,HS,Catholic HS (Paramus NJ)
1990,4,,115,FrRnd,16,Brewers,Y,Donnie Blair (minors),RHP,,,,,,,,,,,,,HS,Wabash HS (Wabash IN)
1990,4,,117,FrRnd,18,Rangers,Y,Mickey Henson (minors),RHP,,,,,,,,,,,,,HS,South Point HS (Belmont NC)
1990,4,,120,FrRnd,21,Padres,Y,Rusty Silcox (minors),RHP,,,,,,,,,,,,,4Yr,Arizona State University (Tempe AZ)
1990,4,,122,FrRnd,23,Giants,Y,Mike Myers (minors),LHP,8.5,883,2,0,0,0,883,25,24,4.29,1.44,14,4Yr,Iowa State University (Ames IA)
1990,4,,124,FrRnd,25,Cubs,Y,Sean Cheetham (minors),RHP,,,,,,,,,,,,,HS,Woodbridge HS (Woodbridge VA)
1990,4,,126,FrRnd,27,Royals,Y,Doug Harris (minors),RHP,,,,,,,,,,,,,4Yr,James Madison University (Harrisonburg VA)
1990,5,,130,FrRnd,3,Tigers,Y,Shannon Withem (minors),RHP,0,1,0,0,,,1,0,0,3,1.67,0,HS,Willow Run HS (Ypsilanti MI)
1990,5,,133,FrRnd,6,Pirates,Y,Glenn Coombs (minors),RHP,,,,,,,,,,,,,HS,Cypress Creek HS (Houston TX)
1990,5,,136,FrRnd,9,Indians,Y,Oscar Munoz (minors),RHP,-0.3,10,0,0,,,10,2,1,5.6,1.61,0,4Yr,University of Miami (Coral Gables FL)
1990,5,,139,FrRnd,12,Expos,Y,Rick Clelland (minors),RHP,,,,,,,,,,,,,HS,Buckeye North HS (Brilliant OH)
1990,5,,141,FrRnd,14,Cardinals,N,Jim Lewis (minors),RHP,,,,,,,,,,,,,JC,Florida College (Jacksonville FL)
1990,5,,148,FrRnd,21,Orioles,Y,Bobby Chouinard (minors),RHP,1.5,111,8,0,0.125,0.25,111,11,8,4.57,1.45,1,HS,Forest Grove HS (Forest Grove OR)
1990,5,,150,FrRnd,23,Blue Jays,Y,Scott Burrell (minors),RHP,,,,,,,,,,,,,4Yr,University of Connecticut (Storrs CT)
1990,5,,151,FrRnd,24,Cubs,Y,Tyson Godfrey (minors),RHP,,,,,,,,,,,,,HS,Aberdeen HS (Aberdeen WA)
1990,5,,152,FrRnd,25,Angels,N,Doug Creek (minors),LHP,-1.1,279,5,0,0.2,0.4,279,7,14,5.32,1.6,1,4Yr,Georgia Institute of Technology (Atlanta GA)
1990,6,,157,FrRnd,3,Tigers,Y,Steve Wolf (minors),RHP,,,,,,,,,,,,,4Yr,California State University Fresno (Fresno CA)
1990,6,,161,FrRnd,7,Mariners,Y,Mike Hampton (minors),LHP,29,448,725,16,0.246,0.65,419,148,115,4.06,1.44,1,HS,Crystal River HS (Crystal River FL)
1990,6,,165,FrRnd,11,Yankees,Y,Sam Militello (minors),RHP,1.2,12,0,0,,,12,4,4,3.89,1.33,0,4Yr,University of Tampa (Tampa FL)
1990,6,,166,FrRnd,12,Expos,Y,Steve Long (minors),RHP,,,,,,,,,,,,,4Yr,St. Xavier University (Orland Park IL)
1990,6,,168,FrRnd,14,Cardinals,Y,George Sells (minors),LHP,,,,,,,,,,,,,4Yr,Old Dominion University (Norfolk VA)
1990,6,,169,FrRnd,15,Brewers,Y,Tom McGraw (minors),LHP,0.1,2,0,0,,,2,0,0,0,1.8,0,4Yr,Washington State University (Pullman WA)
1990,6,,173,FrRnd,19,Red Sox,Y,Gar Finnvold (minors),RHP,0,8,0,0,,,8,0,4,5.94,1.65,0,4Yr,Florida State University (Tallahassee FL)
1990,6,,180,FrRnd,26,Royals,Y,Wade Fyock (minors),RHP,,,,,,,,,,,,,HS,Somerset HS (Somerset PA)
1990,7,,185,FrRnd,4,Phillies,Y,Joel Adamson (minors),LHP,0.2,44,10,0,0.3,0.7,44,5,6,4.89,1.43,0,JC,Cerritos College (Norwalk CA)
1990,7,,188,FrRnd,7,Mariners,Y,Kevin King (minors),LHP,-0.7,34,0,0,,,34,0,3,7.34,1.92,0,4Yr,University of Oklahoma (Norman OK)
1990,7,,194,FrRnd,13,Twins,Y,Tim Persing (minors),RHP,,,,,,,,,,,,,4Yr,Mansfield University of Pennsylvania (Mansfield PA)
1990,7,,195,FrRnd,14,Cardinals,Y,Scott Baker (minors),LHP,-0.1,1,0,0,,,1,0,0,9.82,2.73,0,JC,Taft College (Taft CA)
1990,7,,197,FrRnd,16,Astros,Y,David Nix (minors),LHP,,,,,,,,,,,,,HS,Harrison HS (Evansville IN)
1990,7,,198,FrRnd,17,Rangers,Y,Terry Burrows (minors),LHP,-1.2,50,0,0,,,50,4,4,6.42,1.79,1,4Yr,McNeese State University (Lake Charles LA)
1990,7,,199,FrRnd,18,Mets,Y,Pete Walker (minors),RHP,3.7,144,1,0,0,0,144,20,14,4.48,1.46,4,4Yr,University of Connecticut (Storrs CT)
1990,7,,200,FrRnd,19,Red Sox,Y,Todd Miller (minors),RHP,,,,,,,,,,,,,4Yr,Temple University (Philadelphia PA)
1990,7,,202,FrRnd,21,Orioles,Y,Shane Hale (minors),LHP,,,,,,,,,,,,,4Yr,University of South Alabama (Mobile AL)
1990,7,,204,FrRnd,23,Blue Jays,Y,Scott Brow (minors),RHP,-1.4,59,1,0,0,0,59,3,4,6.06,1.76,2,4Yr,University of Washington (Seattle WA)
1990,7,,205,FrRnd,24,Cubs,Y,Adrian Sanchez (minors),RHP,,,,,,,,,,,,,HS,Rio Grande HS (Albuquerque NM)
1990,7,,206,FrRnd,25,Angels,Y,Randy Powers (minors),RHP,,,,,,,,,,,,,4Yr,University of Southern California (Los Angeles CA)
1990,7,,208,FrRnd,27,Athletics,Y,Dan Vizzini (minors),LHP,,,,,,,,,,,,,4Yr,Francis Marion University (Florence SC)
1990,8,,214,FrRnd,6,Pirates,Y,Jeff Conger (minors),LHP,,,,,,,,,,,,,HS,Charlotte Latin HS (Charlotte NC)
1990,8,,215,FrRnd,7,Mariners,Y,John Cummings (minors),LHP,-0.8,110,3,0,0,0,110,10,15,5.33,1.65,0,4Yr,University of Southern California (Los Angeles CA)
1990,8,,216,FrRnd,8,Reds,Y,Larry Luebbers (minors),RHP,-0.2,36,40,0,0.2,0.458,36,5,10,4.96,1.49,1,4Yr,University of Kentucky (Lexington KY)
1990,8,,217,FrRnd,9,Indians,Y,Shawn Bryant (minors),LHP,,,,,,,,,,,,,4Yr,Oklahoma City University (Oklahoma City OK)
1990,8,,218,FrRnd,10,Dodgers,Y,Jason Kerr (minors),LHP,,,,,,,,,,,,,JC,Cerritos College (Norwalk CA)
1990,8,,219,FrRnd,11,Yankees,Y,Tim Rumer (minors),LHP,,,,,,,,,,,,,4Yr,Duke University (Durham NC)
1990,8,,225,FrRnd,17,Rangers,Y,Steve Dreyer (minors),RHP,-0.3,15,0,0,,,15,4,4,5.71,1.63,0,4Yr,University of Northern Iowa (Cedar Falls IA)
1990,8,,227,FrRnd,19,Red Sox,N,Aaron Knieper (minors),RHP,,,,,,,,,,,,,HS,Nouvel Catholic HS (Saginaw MI)
1990,8,,230,FrRnd,22,Giants,Y,Kevin McGehee (minors),RHP,-0.1,5,0,0,,,5,0,0,5.94,1.5,0,4Yr,Louisiana Tech University (Ruston LA)
1990,8,,231,FrRnd,23,Blue Jays,Y,Paul Menhart (minors),RHP,0.3,41,12,0,0,0,41,5,9,5.47,1.54,0,4Yr,Western Carolina University (Cullowhee NC)
1990,9,,236,FrRnd,1,Miami Miracle,Y,Brad Gregory (minors),P,,,,,,,,,,,,,4Yr,Florida State University (Tallahassee FL)
1990,9,,238,FrRnd,3,Tigers,Y,Greg Coppeta (minors),LHP,,,,,,,,,,,,,4Yr,University of Southern Maine (Gorham ME)
1990,9,,240,FrRnd,5,White Sox,Y,Doug McGraw (minors),RHP,,,,,,,,,,,,,HS,Duncanville HS (Duncanville TX)
1990,9,,241,FrRnd,6,Pirates,Y,Rich Robertson (minors),LHP,0.7,114,9,0,0.222,0.444,114,17,30,5.4,1.67,0,4Yr,Texas A&amp;M University (College Station TX)
1990,9,,243,FrRnd,8,Reds,N,Ken Carlyle (minors),RHP,,,,,,,,,,,,,4Yr,University of Mississippi (Oxford MS)
1990,9,,245,FrRnd,10,Dodgers,Y,Jake Botts (minors),RHP,,,,,,,,,,,,,HS,North Monterey County HS (Castroville CA)
1990,9,,248,FrRnd,13,Twins,N,Trevor Humphry (minors),RHP,,,,,,,,,,,,,HS,Delight HS (Delight AR)
1990,9,,250,FrRnd,15,Brewers,Y,Kevin McDonald (minors),RHP,,,,,,,,,,,,,4Yr,University of Louisiana at Lafayette (Lafayette LA)
1990,9,,251,FrRnd,16,Astros,Y,Jorge Correa (minors),RHP,,,,,,,,,,,,,HS,Miami Senior HS (Miami FL)
1990,9,,252,FrRnd,17,Rangers,Y,Tim Wells (minors),RHP,,,,,,,,,,,,,4Yr,Missouri State University (Springfield MO)
1990,9,,254,FrRnd,19,Red Sox,N,Mike Collett (minors),RHP,,,,,,,,,,,,,JC,Citrus College (Glendora CA)
1990,9,,255,FrRnd,20,Padres,Y,Ty Narcisse (minors),RHP,,,,,,,,,,,,,HS,Lincoin HS (Port Arthur TX)
1990,9,,258,FrRnd,23,Blue Jays,Y,Huck Flener (minors),LHP,0.5,29,0,0,,,29,3,3,5.51,1.67,0,4Yr,California State University Fullerton (Fullerton CA)
1990,9,,261,FrRnd,26,Royals,Y,Tony Lee (minors),RHP,,,,,,,,,,,,,HS,Eldorado HS (Las Vegas NV)
1990,10,,263,FrRnd,1,Miami Miracle,Y,Kenneth Whitworth (minors),P,,,,,,,,,,,,,4Yr,University of California Irvine (Irvine CA)
1990,10,,269,FrRnd,7,Mariners,Y,Reese Wallace (minors),RHP,,,,,,,,,,,,,HS,Lufkin HS (Lufkin TX)
1990,10,,270,FrRnd,8,Reds,N,Cliff Foster (minors),RHP,,,,,,,,,,,,,JC,Angelina College (Lufkin TX)
1990,10,,272,FrRnd,10,Dodgers,Y,Kenny Hamilton (minors),RHP,,,,,,,,,,,,,JC,Patrick Henry Junior College (Monroeville AL)
1990,10,,273,FrRnd,11,Yankees,Y,Darren Hodges (minors),RHP,,,,,,,,,,,,,4Yr,Ferrum College (Ferrum VA)
1990,10,,277,FrRnd,15,Brewers,Y,Kurt Archer (minors),RHP,,,,,,,,,,,,,4Yr,San Diego State University (San Diego CA)
1990,10,,278,FrRnd,16,Astros,N,Brian Boehringer (minors),RHP,3.9,356,31,0,0.065,0.244,356,26,32,4.36,1.49,3,4Yr,University of Nevada-Las Vegas (Las Vegas NV)
1990,10,,285,FrRnd,23,Blue Jays,Y,Tom Singer (minors),LHP,,,,,,,,,,,,,4Yr,St. John's University (Queens NY)
1990,10,,288,FrRnd,26,Royals,Y,Robert Toth (minors),RHP,,,,,,,,,,,,,HS,Pacifica HS (Garden Grove CA)
1990,11,,291,FrRnd,2,Braves,N,Phil Stidham (minors),RHP,-0.5,5,0,0,,,5,0,0,24.92,3.69,0,4Yr,University of Arkansas (Fayetteville AR)
1990,11,,298,FrRnd,9,Indians,Y,Carl Johnson (minors),RHP,,,,,,,,,,,,,JC,Lassen College (Susanville CA)
1990,11,,300,FrRnd,11,Yankees,Y,Rich Hines (minors),RHP,,,,,,,,,,,,,4Yr,University of Mississippi (Oxford MS)
1990,11,,302,FrRnd,13,Twins,Y,Mark Swope (minors),RHP,,,,,,,,,,,,,4Yr,University of Arkansas (Fayetteville AR)
1990,11,,304,FrRnd,15,Brewers,Y,Brian Souza (minors),RHP,,,,,,,,,,,,,4Yr,University of Hawaii at Manoa (Honolulu HI)
1990,11,,308,FrRnd,19,Red Sox,Y,Terry Powers (minors),RHP,,,,,,,,,,,,,JC,Volunteer State Community College (Gallatin TN)
1990,11,,309,FrRnd,20,Padres,N,Jay Powell (minors),RHP,3.1,513,12,0,0.167,0.333,512,36,23,4.17,1.5,22,HS,West Lauderdale HS (Collinsville MS)
1990,11,,311,FrRnd,22,Giants,Y,Kurt Peltzer (minors),LHP,,,,,,,,,,,,,4Yr,University of Wisconsin at Madison (Madison WI)
1990,11,,313,FrRnd,24,Cubs,Y,Mike Young (minors),RHP,,,,,,,,,,,,,4Yr,Anderson University (Anderson IN)
1990,11,,316,FrRnd,27,Athletics,Y,Mark Craft (minors),RHP,,,,,,,,,,,,,4Yr,Virginia Military Institute (Lexington VA)
1990,12,,317,FrRnd,1,Miami Miracle,Y,Rod Nettnin (minors),P,,,,,,,,,,,,,4Yr,University of Nevada-Reno (Reno NV)
1990,12,,318,FrRnd,2,Braves,Y,Brian Bark (minors),LHP,0.1,3,0,0,,,3,0,0,0,1.29,0,4Yr,North Carolina State University (Raleigh NC)
1990,12,,320,FrRnd,4,Phillies,Y,Chad Anderson (minors),RHP,,,,,,,,,,,,,HS,Roseburg HS (Roseburg OR)
1990,12,,323,FrRnd,7,Mariners,N,Luis Victoria (minors),RHP,,,,,,,,,,,,,,
1990,12,,324,FrRnd,8,Reds,Y,John Roper (minors),RHP,0.1,35,62,0,0.177,0.384,35,8,7,5.35,1.49,0,HS,Hoke County HS (Raeford NC)
1990,12,,325,FrRnd,9,Indians,Y,Craig Sides (minors),RHP,,,,,,,,,,,,,JC,Jefferson Davis Community College (Brewton AL)
1990,12,,327,FrRnd,11,Yankees,Y,Ron Frazier (minors),RHP,,,,,,,,,,,,,4Yr,Clemson University (Clemson SC)
1990,12,,328,FrRnd,12,Expos,Y,Bob Baxter (minors),LHP,,,,,,,,,,,,,4Yr,Harvard University (Cambridge MA)
1990,12,,331,FrRnd,15,Brewers,Y,Marshall Boze (minors),RHP,-0.8,25,0,0,,,25,0,2,7.79,2.23,1,JC,Southwestern College (Chula Vista CA)
1990,12,,333,FrRnd,17,Rangers,Y,Andy Watson (minors),RHP,,,,,,,,,,,,,JC,Crowder College (Neosho MO)
1990,12,,334,FrRnd,18,Mets,Y,Cap Van Rynbach (minors),RHP,,,,,,,,,,,,,JC,Iowa Western Community College (Council Bluffs IA)
1990,12,,340,FrRnd,24,Cubs,N,Pedro Valdes (minors),LHP,-0.1,53,85,1,0.247,0.7,,,,,,,HS,Carlos Escobar Lopez HS (Loiza PR)
1990,12,,342,FrRnd,26,Royals,Y,Rodney Myers (minors),RHP,-1.2,167,18,0,0.167,0.389,167,7,5,5.07,1.56,1,4Yr,University of Wisconsin at Madison (Madison WI)
1990,13,,348,FrRnd,5,White Sox,Y,Rod Bolton (minors),RHP,-1.6,17,0,0,,,17,2,8,7.69,1.83,0,4Yr,University of Kentucky (Lexington KY)
1990,13,,349,FrRnd,6,Pirates,Y,Brian Shouse (minors),LHP,5.4,467,0,0,,,467,13,10,3.72,1.33,6,4Yr,Bradley University (Peoria IL)
1990,13,,350,FrRnd,7,Mariners,N,Kekoa Kaluhiokalani (minors),RHP,,,,,,,,,,,,,HS,Waianae HS (Waianae HI)
1990,13,,352,FrRnd,9,Indians,Y,Todd Whitehurst (minors),RHP,,,,,,,,,,,,,HS,North Monterey County HS (Castroville CA)
1990,13,,353,FrRnd,10,Dodgers,Y,Greg Davis (minors),RHP,,,,,,,,,,,,,JC,El Camino College (Torrance CA)
1990,13,,356,FrRnd,13,Twins,N,Steve Whitaker (minors),LHP,,,,,,,,,,,,,JC,Merced College (Merced CA)
1990,13,,357,FrRnd,14,Cardinals,Y,Tom Urbani (minors),LHP,-0.5,83,65,1,0.246,0.627,81,10,17,4.98,1.54,0,4Yr,California State University Long Beach (Long Beach CA)
1990,13,,364,FrRnd,21,Orioles,Y,Kip Yaughn (minors),RHP,,,,,,,,,,,,,4Yr,Arizona State University (Tempe AZ)
1990,13,,365,FrRnd,22,Giants,N,Shawn Henrichs (minors),RHP,,,,,,,,,,,,,JC,Linn-Benton Community College (Albany OR)
1990,13,,366,FrRnd,23,Blue Jays,N,Craig Holman (minors),RHP,,,,,,,,,,,,,4Yr,Jacksonville State University (Jacksonville AL)
1990,13,,367,FrRnd,24,Cubs,N,Stephen Gurtner (minors),RHP,,,,,,,,,,,,,HS,Holy Cross HS (Chalmette LA)
1990,13,,368,FrRnd,25,Angels,N,Ryan Hancock (minors),RHP,-0.2,11,1,0,1,2,11,4,1,7.48,1.84,0,HS,Monta Vista HS (Cupertino CA)
1990,13,,370,FrRnd,27,Athletics,Y,Eric Myers (minors),RHP,,,,,,,,,,,,,JC,Seminole Community College (Sanford FL)
1990,14,,371,FrRnd,1,Miami Miracle,Y,Todd Pick (minors),P,,,,,,,,,,,,,4Yr,University of New Orleans (New Orleans LA)
1990,14,,373,FrRnd,3,Tigers,N,Ben Blomdahl (minors),RHP,-0.3,14,0,0,,,14,0,0,7.77,2.01,1,JC,Riverside Community College (Riverside CA)
1990,14,,374,FrRnd,4,Phillies,Y,Mike Williams (minors),RHP,3.6,469,108,0,0.157,0.363,468,32,54,4.45,1.44,144,4Yr,Virginia Polytechnic Institute and State University (Blacksburg VA)
1990,14,,375,FrRnd,5,White Sox,N,Fred Starks (minors),RHP,,,,,,,,,,,,,JC,Eastern Florida State College (Cocoa FL)
1990,14,,376,FrRnd,6,Pirates,N,Jeff McCurry (minors),RHP,-0.7,111,4,0,0,0,111,3,12,5.89,1.81,1,JC,San Jacinto College (Pasadena TX)
1990,14,,380,FrRnd,10,Dodgers,Y,Jimmy Daspit (minors),RHP,,,,,,,,,,,,,4Yr,California State University Sacramento (Sacramento CA)
1990,14,,381,FrRnd,11,Yankees,Y,Bo Siberz (minors),RHP,,,,,,,,,,,,,4Yr,Texas A&amp;M University (College Station TX)
1990,14,,383,FrRnd,13,Twins,N,Jeff Granger (minors),LHP,-0.9,27,0,0,,,27,0,1,9.09,2.31,0,HS,Orangefield HS (Orangefield TX)
1990,14,,386,FrRnd,16,Astros,N,Jamie Evans (minors),RHP,,,,,,,,,,,,,JC,Allan Hancock College (Santa Maria CA)
1990,14,,387,FrRnd,17,Rangers,Y,Brian Mercado (minors),RHP,,,,,,,,,,,,,4Yr,Eastern Connecticut State University (Willimantic CT)
1990,14,,388,FrRnd,18,Mets,Y,Todd Douma (minors),LHP,,,,,,,,,,,,,4Yr,Arizona State University (Tempe AZ)
1990,14,,390,FrRnd,20,Padres,Y,Scott Fredrickson (minors),RHP,-0.6,25,3,0,0,0,25,0,1,6.21,1.72,0,4Yr,University of Texas at Austin (Austin TX)
1990,14,,392,FrRnd,22,Giants,N,Stacy Hollins (minors),RHP,,,,,,,,,,,,,HS,Willis HS (Willis TX)
1990,14,,393,FrRnd,23,Blue Jays,Y,Matthew Watson (minors),RHP,,,,,,,,,,,,,4Yr,California State University Fullerton (Fullerton CA)
1990,14,,394,FrRnd,24,Cubs,Y,Scott Gardner (minors),RHP,,,,,,,,,,,,,JC,Imperial Valley College (Imperial CA)
1990,14,,396,FrRnd,26,Royals,Y,Damon Pollard (minors),RHP,,,,,,,,,,,,,4Yr,University of Southern Mississippi (Hattiesburg MS)
1990,14,,397,FrRnd,27,Athletics,Y,Jim Dillon (minors),RHP,,,,,,,,,,,,,4Yr,University of Maine at Orono (Orono ME)
1990,15,,400,FrRnd,3,Tigers,N,Toby McFarland (minors),LHP,,,,,,,,,,,,,HS,Petoskey HS (Petoskey MI)
1990,15,,401,FrRnd,4,Phillies,Y,Scott Coleman (minors),LHP,,,,,,,,,,,,,HS,Orange Glen HS (Escondido CA)
1990,15,,403,FrRnd,6,Pirates,Y,Rick White (minors),RHP,2.5,615,43,0,0.093,0.23,613,42,54,4.45,1.42,16,HS,Eastern HS (Detroit MI)
1990,15,,404,FrRnd,7,Mariners,Y,Scott Schanz (minors),RHP,,,,,,,,,,,,,4Yr,University of California Los Angeles (Los Angeles CA)
1990,15,,406,FrRnd,9,Indians,Y,Sam Baker (minors),RHP,,,,,,,,,,,,,JC,Hill College (Hillsboro TX)
1990,15,,408,FrRnd,11,Yankees,Y,Sean Smith (minors),RHP,,,,,,,,,,,,,HS,Seekonk HS (Seekonk MA)
1990,15,,410,FrRnd,13,Twins,Y,Jon Henry (minors),RHP,,,,,,,,,,,,,4Yr,University of Central Florida (Orlando FL)
1990,15,,415,FrRnd,18,Mets,N,Steve Soderstrom (minors),RHP,-0.2,3,5,0,0,0,3,2,0,5.27,1.61,0,HS,Turlock HS (Turlock CA)
1990,15,,418,FrRnd,21,Orioles,N,Duane Page (minors),RHP,,,,,,,,,,,,,HS,Ocean View HS (Huntington Beach CA)
1990,15,,419,FrRnd,22,Giants,Y,Mark Yockey (minors),LHP,,,,,,,,,,,,,4Yr,Lewis-Clark State College (Lewiston ID)
1990,15,,420,FrRnd,23,Blue Jays,Y,Travis Burley (minors),RHP,,,,,,,,,,,,,HS,Miramar HS (Miramar FL)
1990,15,,421,FrRnd,24,Cubs,Y,Joe Porcelli (minors),LHP,,,,,,,,,,,,,4Yr,Iona College (New Rochelle NY)
1990,15,,423,FrRnd,26,Royals,Y,Thomas Lee (minors),RHP,,,,,,,,,,,,,4Yr,University of Nebraska at Lincoln (Lincoln NE)
1990,16,,425,FrRnd,1,Miami Miracle,Y,Mike Ericson (minors),P,,,,,,,,,,,,,4Yr,Michigan State University (East Lansing MI)
1990,16,,427,FrRnd,3,Tigers,Y,Brian Nelson (minors),RHP,,,,,,,,,,,,,4Yr,George Mason University (Fairfax VA)
1990,16,,429,FrRnd,5,White Sox,Y,Jeff Dinuzzo (minors),RHP,,,,,,,,,,,,,4Yr,Seton Hall University (South Orange NJ)
1990,16,,430,FrRnd,6,Pirates,Y,Lynn Carlson (minors),RHP,,,,,,,,,,,,,4Yr,Greenville College (Greenville IL)
1990,16,,431,FrRnd,7,Mariners,Y,Jim Converse (minors),RHP,-1.2,35,0,0,,,35,2,11,7.21,2.09,1,HS,Casa Roble HS (Orangevale CA)
1990,16,,438,FrRnd,14,Cardinals,N,Pat Treend (minors),RHP,,,,,,,,,,,,,HS,El Camino Real HS (Woodland Hills CA)
1990,16,,442,FrRnd,18,Mets,Y,Eric Corbell (minors),RHP,,,,,,,,,,,,,4Yr,University of the Incarnate Word (San Antonio TX)
1990,16,,443,FrRnd,19,Red Sox,Y,Erik Plantenberg (minors),LHP,0.4,61,0,0,,,61,0,0,4.46,1.68,1,4Yr,San Diego State University (San Diego CA)
1990,16,,451,FrRnd,27,Athletics,Y,Doug Johns (minors),LHP,3.1,116,3,0,0.667,1.333,114,20,22,5.13,1.48,2,4Yr,University of Virginia (Charlottesville VA)
1990,17,,453,FrRnd,2,Braves,Y,Jerry Koller (minors),RHP,,,,,,,,,,,,,HS,Martinsville HS (Martinsville IN)
1990,17,,454,FrRnd,3,Tigers,Y,Tom Drell (minors),RHP,,,,,,,,,,,,,4Yr,Florida Southern College (Lakeland FL)
1990,17,,457,FrRnd,6,Pirates,Y,John Douris (minors),RHP,,,,,,,,,,,,,JC,Orange Coast College (Costa Mesa CA)
1990,17,,458,FrRnd,7,Mariners,Y,Lee Russell (minors),RHP,,,,,,,,,,,,,4Yr,Campbell University (Buies Creek NC)
1990,17,,460,FrRnd,9,Indians,Y,Dave Mlicki (minors),RHP,6.3,263,208,0,0.125,0.343,262,66,80,4.72,1.47,1,4Yr,Oklahoma State University (Stillwater OK)
1990,17,,462,FrRnd,11,Yankees,Y,Brian Faw (minors),RHP,,,,,,,,,,,,,4Yr,Clemson University (Clemson SC)
1990,17,,464,FrRnd,13,Twins,N,Fred Smith (minors),RHP,,,,,,,,,,,,,HS,Franklin D. Roosevelt HS (Brooklyn NY)
1990,17,,465,FrRnd,14,Cardinals,N,Ricky Kimball (minors),RHP,,,,,,,,,,,,,4Yr,Florida State University (Tallahassee FL)
1990,17,,466,FrRnd,15,Brewers,Y,Mark Stephens (minors),LHP,,,,,,,,,,,,,JC,Central Arizona College (Coolidge AZ)
1990,17,,467,FrRnd,16,Astros,Y,Jon Quaid (minors),LHP,,,,,,,,,,,,,JC,Chabot College (Hayward CA)
1990,17,,474,FrRnd,23,Blue Jays,Y,Allen Rhea (minors),LHP,,,,,,,,,,,,,4Yr,Milligan College (Milligan College TN)
1990,17,,476,FrRnd,25,Angels,Y,Todd McCray (minors),RHP,,,,,,,,,,,,,4Yr,University of Florida (Gainesville FL)
1990,17,,478,FrRnd,27,Athletics,N,Scott Dodd (minors),LHP,,,,,,,,,,,,,JC,Glendale Community College (Glendale CA)
1990,18,,479,FrRnd,1,Miami Miracle,Y,Charlie Rogers (minors),P,,,,,,,,,,,,,4Yr,University of North Alabama (Florence AL)
1990,18,,480,FrRnd,2,Braves,Y,Mike Potts (minors),LHP,-0.6,24,0,0,,,24,1,2,7.15,1.94,1,4Yr,Gordon College (Barnesville GA)
1990,18,,485,FrRnd,7,Mariners,Y,Dave Adam (minors),RHP,,,,,,,,,,,,,4Yr,Central Connecticut State University (New Britain CT)
1990,18,,487,FrRnd,9,Indians,Y,Steve Gajkowski (minors),RHP,-0.2,9,0,0,,,9,0,0,7.27,2.08,0,JC,Bellevue Community College (Bellevue WA)
1990,18,,491,FrRnd,13,Twins,N,Scott Weiss (minors),RHP,,,,,,,,,,,,,4Yr,Stanford University (Palo Alto CA)
1990,18,,492,FrRnd,14,Cardinals,Y,David Norris (minors),LHP,,,,,,,,,,,,,4Yr,St. Mary's College of California (Moraga CA)
1990,18,,495,FrRnd,17,Rangers,Y,Rodney Busha (minors),RHP,,,,,,,,,,,,,4Yr,University of North Alabama (Florence AL)
1990,18,,496,FrRnd,18,Mets,N,Trey Cheek (minors),RHP,,,,,,,,,,,,,HS,Broughton HS (Raleigh NC)
1990,18,,497,FrRnd,19,Red Sox,N,Rob Henkel (minors),LHP,,,,,,,,,,,,,JC,San Jacinto College (Pasadena TX)
1990,18,,498,FrRnd,20,Padres,N,Todd Evers (minors),RHP,,,,,,,,,,,,,4Yr,University of Wisconsin at Madison (Madison WI)
1990,18,,499,FrRnd,21,Orioles,Y,Brett Benge (minors),RHP,,,,,,,,,,,,,JC,Rend Lake College (Ina IL)
1990,19,,506,FrRnd,1,Miami Miracle,Y,Billy Walker (minors),P,,,,,,,,,,,,,4Yr,Gonzaga University (Spokane WA)
1990,19,,508,FrRnd,3,Tigers,Y,Mike Guilfoyle (minors),LHP,,,,,,,,,,,,,4Yr,St. Peter's College (Jersey City NJ)
1990,19,,512,FrRnd,7,Mariners,N,Albie Lopez (minors),RHP,3.7,297,46,0,0.043,0.146,297,47,58,4.94,1.52,4,JC,Mesa Community College (Mesa AZ)
1990,19,,513,FrRnd,8,Reds,Y,Kevin Berry (minors),RHP,,,,,,,,,,,,,4Yr,New Mexico State University (Las Cruces NM)
1990,19,,516,FrRnd,11,Yankees,Y,Brent Gilbert (minors),RHP,,,,,,,,,,,,,4Yr,Texas A&amp;M University (College Station TX)
1990,19,,519,FrRnd,14,Cardinals,Y,Jim Marchesi (minors),RHP,,,,,,,,,,,,,HS,El Capitan HS (Lakeside CA)
1990,19,,520,FrRnd,15,Brewers,Y,Pat Miller (minors),RHP,,,,,,,,,,,,,4Yr,University of Detroit Mercy (Detroit MI)
1990,19,,521,FrRnd,16,Astros,Y,Derrick Bottoms (minors),LHP,,,,,,,,,,,,,HS,Overton HS (Nashville TN)
1990,19,,523,FrRnd,18,Mets,N,Tony Phillips (minors),RHP,,,,,,,,,,,,,4Yr,University of Southern Mississippi (Hattiesburg MS)
1990,19,,524,FrRnd,19,Red Sox,Y,Brian Young (minors),RHP,,,,,,,,,,,,,4Yr,Ohio University (Athens OH)
1990,19,,527,FrRnd,22,Giants,N,John Davis (minors),RHP,,,,,,,,,,,,,4Yr,Georgia Institute of Technology (Atlanta GA)
1990,19,,529,FrRnd,24,Cubs,Y,Ken Krahenbuhl (minors),RHP,,,,,,,,,,,,,HS,San Bernardino HS (San Bernardino CA)
1990,20,,536,FrRnd,4,White Sox,Y,Jonathan Jenkins (minors),RHP,,,,,,,,,,,,,4Yr,East Carolina University (Greenville NC)
1990,20,,538,FrRnd,6,Mariners,Y,J.D. Neugent (minors),LHP,,,,,,,,,,,,,HS,Mustang HS (Mustang OK)
1990,20,,539,FrRnd,7,Reds,N,Marc Valdes (minors),RHP,-1,144,43,0,0.093,0.245,144,12,15,4.95,1.59,4,HS,Jesuit HS (Tampa FL)
1990,20,,546,FrRnd,14,Brewers,Y,Dave White (minors),RHP,,,,,,,,,,,,,4Yr,University of South Florida (Tampa FL)
1990,20,,547,FrRnd,15,Astros,Y,Luis Martinez (minors),RHP,,,,,,,,,,,,,4Yr,Huston-Tillotson College (Austin TX)
1990,20,,548,FrRnd,16,Rangers,N,Tim Kubinski (minors),LHP,0,25,0,0,,,25,0,0,5.76,1.48,0,HS,San Luis Obispo HS (San Luis Obispo CA)
1990,20,,557,FrRnd,25,Royals,Y,Doug Peters (minors),RHP,,,,,,,,,,,,,4Yr,Indiana University-Bloomington (Bloomington IN)
1990,21,,559,FrRnd,1,Braves,N,Richard King (minors),RHP,,,,,,,,,,,,,4Yr,Gordon College (Barnesville GA)
1990,21,,563,FrRnd,5,Pirates,Y,Shelton Simpson (minors),RHP,,,,,,,,,,,,,4Yr,Eastern Kentucky University (Richmond KY)
1990,21,,567,FrRnd,9,Dodgers,N,Wayne Lindemann (minors),LHP,,,,,,,,,,,,,JC,Lower Columbia College (Longview WA)
1990,21,,568,FrRnd,10,Yankees,Y,Keith Seiler (minors),LHP,,,,,,,,,,,,,4Yr,University of Virginia (Charlottesville VA)
1990,21,,569,FrRnd,11,Expos,N,Scott Brocail (minors),RHP,,,,,,,,,,,,,HS,Lamar HS (Lamar CO)
1990,21,,570,FrRnd,12,Twins,Y,Eddie Guardado (minors),LHP,13.7,909,1,0,0,0,908,46,61,4.31,1.31,187,JC,San Joaquin Delta College (Stockton CA)
1990,21,,571,FrRnd,13,Cardinals,Y,Troy Salvior (minors),RHP,,,,,,,,,,,,,4Yr,Hillsdale College (Hillsdale MI)
1990,21,,574,FrRnd,16,Rangers,N,Jarod Juelsgaard (minors),RHP,,,,,,,,,,,,,JC,Waldorf College (Forest City IA)
1990,21,,576,FrRnd,18,Red Sox,N,Chad Trahan (minors),RHP,,,,,,,,,,,,,JC,Seminole State College (Seminole OK)
1990,21,,577,FrRnd,19,Padres,N,Scott Emerson (minors),LHP,,,,,,,,,,,,,HS,Shadow Mountain HS (Phoenix AZ)
1990,21,,579,FrRnd,21,Giants,Y,Dan Flanagan (minors),RHP,,,,,,,,,,,,,4Yr,Virginia Commonwealth University (Richmond VA)
1990,21,,580,FrRnd,22,Blue Jays,Y,Raphael Garcia (minors),RHP,,,,,,,,,,,,,4Yr,Southern California Christian College (Costa Mesa CA)
1990,21,,582,FrRnd,24,Angels,Y,Ken Edenfield (minors),RHP,0,9,0,0,,,9,0,0,5.82,1.88,0,4Yr,Western Kentucky University (Bowling Green KY)
1990,21,,584,FrRnd,26,Athletics,Y,Richard Miller (minors),LHP,,,,,,,,,,,,,4Yr,Grand Canyon University (Phoenix AZ)
1990,22,,585,FrRnd,1,Braves,Y,Stewart Ford (minors),LHP,,,,,,,,,,,,,JC,Ranger College (Ranger TX)
1990,22,,587,FrRnd,3,Phillies,N,Robert Lamb (minors),RHP,,,,,,,,,,,,,HS,Central HS (Tuscaloosa AL)
1990,22,,588,FrRnd,4,White Sox,Y,Ted Marshall (minors),LHP,,,,,,,,,,,,,HS,Sweet Water HS (Sweet Water AL)
1990,22,,590,FrRnd,6,Mariners,N,Pat Bojcun (minors),RHP,,,,,,,,,,,,,4Yr,Central Michigan University (Mount Pleasant MI)
1990,22,,591,FrRnd,7,Reds,N,Martis Aviles (minors),LHP,,,,,,,,,,,,,,
1990,22,,593,FrRnd,9,Dodgers,Y,Mike Racobaldo (minors),RHP,,,,,,,,,,,,,HS,Pennsauken HS (Pennsauken NJ)
1990,22,,594,FrRnd,10,Yankees,Y,Andy Pettitte (minors),LHP,60.8,533,196,1,0.138,0.346,531,256,153,3.85,1.35,0,HS,Deer Park HS (Deer Park TX)
1990,22,,599,FrRnd,15,Astros,Y,Dennis Reed (minors),RHP,,,,,,,,,,,,,4Yr,California Polytechnic State University San Luis Obispo (San Luis Obispo CA)
1990,22,,601,FrRnd,17,Mets,Y,Brad Schorr (minors),RHP,,,,,,,,,,,,,HS,Columbus HS (Columbus GA)
1990,22,,602,FrRnd,18,Red Sox,Y,Dave Klvac (minors),LHP,,,,,,,,,,,,,JC,San Jacinto College (Pasadena TX)
1990,22,,603,FrRnd,19,Padres,N,Jon Ratliff (minors),RHP,0,1,0,0,,,1,0,0,0,0,0,HS,Liverpool Central HS (Liverpool NY)
1990,22,,604,FrRnd,20,Orioles,Y,Scott McClain (minors),RHP,-0.5,44,78,2,0.192,0.579,,,,,,,HS,Atascadero HS (Atascadero CA)
1990,22,,605,FrRnd,21,Giants,N,Craig Bauer (minors),RHP,,,,,,,,,,,,,4Yr,Grand Canyon University (Phoenix AZ)
1990,22,,606,FrRnd,22,Blue Jays,Y,Sam Mandia (minors),RHP,,,,,,,,,,,,,4Yr,Seton Hall University (South Orange NJ)
1990,22,,609,FrRnd,25,Royals,Y,Tony Long (minors),LHP,,,,,,,,,,,,,JC,Montgomery College Rockville Campus (Rockville MD)
1990,23,,611,FrRnd,1,Braves,N,Matt Wagner (minors),RHP,-0.6,15,0,0,,,15,3,5,6.86,1.61,0,HS,Cedar Falls HS (Cedar Falls IA)
1990,23,,614,FrRnd,4,White Sox,Y,Todd Altaffer (minors),LHP,,,,,,,,,,,,,4Yr,Jacksonville State University (Jacksonville AL)
1990,23,,621,FrRnd,11,Expos,Y,Steve Renko (minors),RHP,,,,,,,,,,,,,4Yr,University of Kansas (Lawrence KS)
1990,23,,622,FrRnd,12,Twins,Y,Dave Schwartz (minors),RHP,,,,,,,,,,,,,4Yr,University of California Berkeley (Berkeley CA)
1990,23,,624,FrRnd,14,Brewers,Y,Don Pruitt (minors),RHP,,,,,,,,,,,,,4Yr,University of Arizona (Tucson AZ)
1990,23,,627,FrRnd,17,Mets,Y,Mike Sciortino (minors),LHP,,,,,,,,,,,,,4Yr,Central Connecticut State University (New Britain CT)
1990,23,,628,FrRnd,18,Red Sox,Y,Ryan Maloney (minors),LHP,,,,,,,,,,,,,HS,Lancaster HS (Lancaster OH)
1990,23,,631,FrRnd,21,Giants,Y,Jim Huslig (minors),RHP,,,,,,,,,,,,,4Yr,University of Oklahoma (Norman OK)
1990,23,,632,FrRnd,22,Blue Jays,Y,Jason Reese (minors),RHP,,,,,,,,,,,,,4Yr,University of California Riverside (Riverside CA)
1990,23,,636,FrRnd,26,Athletics,Y,Tanyon Sturtze (minors),RHP,4.6,272,16,0,0.063,0.125,272,40,44,5.19,1.53,3,JC,Quinsigamond Community College (Worcester MA)
1990,24,,637,FrRnd,1,Braves,Y,Jason Kempfer (minors),RHP,,,,,,,,,,,,,HS,Sparta HS (Sparta IL)
1990,24,,640,FrRnd,4,White Sox,N,Mark Gilreath (minors),RHP,,,,,,,,,,,,,JC,Eastern Florida State College (Cocoa FL)
1990,24,,643,FrRnd,7,Reds,N,Ryan Towns (minors),RHP,,,,,,,,,,,,,HS,Gonzales HS (Gonzales TX)
1990,24,,645,FrRnd,9,Dodgers,Y,Mike Mimbs (minors),LHP,-0.3,73,70,0,0.129,0.271,73,12,19,5.03,1.58,1,4Yr,Mercer University (Macon GA)
1990,24,,649,FrRnd,13,Cardinals,Y,Duff Brumley (minors),RHP,-0.2,2,0,0,,,2,0,0,16.2,3.3,0,JC,Cleveland State Community College (Cleveland TN)
1990,24,,650,FrRnd,14,Brewers,Y,Orlando Griego (minors),RHP,,,,,,,,,,,,,4Yr,New Mexico State University (Las Cruces NM)
1990,24,,652,FrRnd,16,Rangers,N,Shawn Kennedy (minors),RHP,,,,,,,,,,,,,HS,El Monte HS (El Monte CA)
1990,24,,653,FrRnd,17,Mets,Y,Steve Seymour (minors),RHP,,,,,,,,,,,,,JC,Ocean County College (Toms River NJ)
1990,24,,654,FrRnd,18,Red Sox,Y,Tim Smith (minors),RHP,,,,,,,,,,,,,4Yr,Boston College (Chestnut Hill MA)
1990,24,,662,FrRnd,26,Athletics,N,Dwayne Fowler (minors),RHP,,,,,,,,,,,,,4Yr,California State University Long Beach (Long Beach CA)
1990,25,,665,FrRnd,3,Phillies,Y,Steven McGovern (minors),RHP,,,,,,,,,,,,,4Yr,California State University Los Angeles (Los Angeles CA)
1990,25,,667,FrRnd,5,Pirates,Y,Troy Hooper (minors),RHP,,,,,,,,,,,,,4Yr,Shorter College (Rome GA)
1990,25,,668,FrRnd,6,Mariners,Y,Doug Fitzer (minors),LHP,,,,,,,,,,,,,4Yr,University of Detroit Mercy (Detroit MI)
1990,25,,669,FrRnd,7,Reds,Y,Greg Margheim (minors),LHP,,,,,,,,,,,,,4Yr,Virginia Polytechnic Institute and State University (Blacksburg VA)
1990,25,,671,FrRnd,9,Dodgers,Y,Mark Mimbs (minors),LHP,,,,,,,,,,,,,4Yr,Mercer University (Macon GA)
1990,25,,672,FrRnd,10,Yankees,Y,Matt Dunbar (minors),LHP,-0.5,8,0,0,,,8,0,1,11.57,3.29,0,4Yr,Florida State University (Tallahassee FL)
1990,25,,678,FrRnd,16,Rangers,Y,Matt Whiteside (minors),RHP,0.6,286,2,0,0,0,286,18,15,5.23,1.51,9,4Yr,Arkansas State University (Jonesboro AR)
1990,25,,679,FrRnd,17,Mets,Y,Steve Thomas (minors),RHP,,,,,,,,,,,,,4Yr,University of Alabama (Tuscaloosa AL)
1990,25,,681,FrRnd,19,Padres,Y,Lance Painter (minors),LHP,2,315,65,0,0.154,0.389,314,25,18,5.24,1.5,3,4Yr,University of Wisconsin at Madison (Madison WI)
1990,25,,682,FrRnd,20,Orioles,Y,Mike Hebb (minors),RHP,,,,,,,,,,,,,JC,Anne Arundel Community College (Arnold MD)
1990,25,,688,FrRnd,26,Athletics,Y,Dave Tripp (minors),RHP,,,,,,,,,,,,,4Yr,Clemson University (Clemson SC)
1990,26,,689,FrRnd,1,Braves,Y,Mike Place (minors),RHP,,,,,,,,,,,,,JC,St. Petersburg College (St. Petersburg FL)
1990,26,,691,FrRnd,3,Phillies,N,Omar Washington (minors),RHP,,,,,,,,,,,,,HS,W.W. Samuel HS (Dallas TX)
1990,26,,694,FrRnd,6,Mariners,N,Jeff Tucker (minors),RHP,,,,,,,,,,,,,JC,Allen County Community College (Iola KS)
1990,26,,696,FrRnd,8,Indians,Y,Scott Morgan (minors),RHP,,,,,,,,,,,,,4Yr,Middle Tennessee State University (Murfreesboro TN)
1990,26,,697,FrRnd,9,Dodgers,Y,Gordie Tipton (minors),RHP,,,,,,,,,,,,,4Yr,Oklahoma State University (Stillwater OK)
1990,26,,699,FrRnd,11,Expos,Y,Ranbir Grewal (minors),RHP,,,,,,,,,,,,,4Yr,California State University Fresno (Fresno CA)
1990,26,,700,FrRnd,12,Twins,N,Robby Welles (minors),RHP,,,,,,,,,,,,,HS,Beverly Hills HS (Beverly Hills CA)
1990,26,,701,FrRnd,13,Cardinals,N,Joe Wise (minors),RHP,,,,,,,,,,,,,4Yr,Georgia Institute of Technology (Atlanta GA)
1990,26,,702,FrRnd,14,Brewers,N,Brendt Newbill (minors),LHP,,,,,,,,,,,,,HS,McNary HS (Salem OR)
1990,26,,703,FrRnd,15,Astros,N,Jim Dougherty (minors),RHP,-1.2,79,8,0,0.125,0.347,79,8,8,5.99,1.65,0,4Yr,University of North Carolina at Chapel Hill (Chapel Hill NC)
1990,26,,704,FrRnd,16,Rangers,Y,Johnny Johnson (minors),RHP,,,,,,,,,,,,,4Yr,Birmingham-Southern College (Birmingham AL)
1990,26,,705,FrRnd,17,Mets,Y,Robert Carpenter (minors),RHP,,,,,,,,,,,,,4Yr,University of New Hampshire (Durham NH)
1990,26,,707,FrRnd,19,Padres,Y,Bruce Bensching (minors),RHP,,,,,,,,,,,,,4Yr,Lewis-Clark State College (Lewiston ID)
1990,26,,708,FrRnd,20,Orioles,Y,Dave Paveloff (minors),RHP,,,,,,,,,,,,,4Yr,Chapman University (Orange CA)
1990,26,,710,FrRnd,22,Blue Jays,Y,Dave Marcon (minors),LHP,,,,,,,,,,,,,4Yr,Oral Roberts University (Tulsa OK)
1990,26,,712,FrRnd,24,Angels,Y,Britt Craven (minors),RHP,,,,,,,,,,,,,4Yr,Pepperdine University (Malibu CA)
1990,26,,713,FrRnd,25,Royals,Y,Alan Budnick (minors),RHP,,,,,,,,,,,,,4Yr,University of Detroit Mercy (Detroit MI)
1990,26,,714,FrRnd,26,Athletics,N,Shawn Purdy (minors),RHP,,,,,,,,,,,,,4Yr,University of Miami (Coral Gables FL)
1990,27,,715,FrRnd,1,Braves,Y,Larry Owens (minors),LHP,,,,,,,,,,,,,4Yr,Armstrong State University (Savannah GA)
1990,27,,721,FrRnd,7,Reds,N,Scott Connor (minors),RHP,,,,,,,,,,,,,HS,Gateway HS (Aurora CO)
1990,27,,722,FrRnd,8,Indians,N,Oscar Resendez (minors),RHP,,,,,,,,,,,,,,
1990,27,,723,FrRnd,9,Dodgers,Y,Jody Treadwell (minors),RHP,,,,,,,,,,,,,4Yr,Jacksonville University (Jacksonville FL)
1990,27,,724,FrRnd,10,Yankees,N,Jim Musselwhite (minors),RHP,,,,,,,,,,,,,HS,Apopka HS (Apopka FL)
1990,27,,725,FrRnd,11,Expos,Y,Darrin Kotch (minors),LHP,,,,,,,,,,,,,4Yr,Rutgers the State University of New Jersey (New Brunswick NJ)
1990,27,,726,FrRnd,12,Twins,Y,Dicky Dixon (minors),LHP,,,,,,,,,,,,,4Yr,University of Mississippi (Oxford MS)
1990,27,,730,FrRnd,16,Rangers,Y,Troy Rhoades (minors),RHP,,,,,,,,,,,,,HS,Greenwood HS (Greenwood AR)
1990,27,,732,FrRnd,18,Red Sox,Y,Chris Davis (minors),RHP,,,,,,,,,,,,,JC,College of the Sequoias (Visalia CA)
1990,27,,736,FrRnd,22,Blue Jays,Y,Tom Hotchkiss (minors),RHP,,,,,,,,,,,,,4Yr,Santa Clara University (Santa Clara CA)
1990,27,,739,FrRnd,25,Royals,Y,Rafael Gutierrez (minors),RHP,,,,,,,,,,,,,JC,East Los Angeles College (Monterey Park CA)
1990,28,,743,FrRnd,3,Phillies,N,Mark Graham (minors),LHP,,,,,,,,,,,,,JC,Santa Monica College (Santa Monica CA)
1990,28,,745,FrRnd,5,Pirates,Y,David Tellers (minors),RHP,,,,,,,,,,,,,4Yr,San Jose State University (San Jose CA)
1990,28,,748,FrRnd,8,Indians,N,Bart Peterson (minors),RHP,,,,,,,,,,,,,4Yr,Brigham Young University (Provo UT)
1990,28,,751,FrRnd,11,Expos,Y,Billy Brewer (minors),LHP,2,203,1,0,0,0,203,11,11,4.79,1.48,5,4Yr,Dallas Baptist University (Dallas TX)
1990,28,,755,FrRnd,15,Astros,Y,Douglas Ketchen (minors),RHP,,,,,,,,,,,,,4Yr,California State University Fullerton (Fullerton CA)
1990,28,,760,FrRnd,20,Orioles,N,Dom DeSantis (minors),RHP,,,,,,,,,,,,,4Yr,University of New Orleans (New Orleans LA)
1990,28,,761,FrRnd,21,Giants,Y,Rod Huffman (minors),RHP,,,,,,,,,,,,,JC,McLennan Community College (Waco TX)
1990,28,,762,FrRnd,22,Blue Jays,Y,Rob Adkins (minors),RHP,,,,,,,,,,,,,HS,Manatee HS (Bradenton FL)
1990,28,,763,FrRnd,23,Cubs,N,Angel Abreu (minors),RHP,,,,,,,,,,,,,HS,Josefina Barcelo HS (Guaynabo PR)
1990,29,,767,FrRnd,1,Braves,Y,Scott Ryder (minors),RHP,,,,,,,,,,,,,4Yr,Georgia Southern University (Statesboro GA)
1990,29,,769,FrRnd,3,Phillies,Y,Gary Lance (minors),RHP,,,,,,,,,,,,,JC,American River College (Sacramento CA)
1990,29,,770,FrRnd,4,White Sox,N,Bo Magee (minors),LHP,,,,,,,,,,,,,4Yr,Jackson State University (Jackson MS)
1990,29,,772,FrRnd,6,Mariners,Y,Dave McDonald (minors),LHP,,,,,,,,,,,,,4Yr,Brandeis University (Waltham MA)
1990,29,,773,FrRnd,7,Reds,N,Mark Mann (minors),RHP,,,,,,,,,,,,,HS,McNicholas HS (Cincinnati OH)
1990,29,,775,FrRnd,9,Dodgers,Y,Dave Baumann (minors),RHP,,,,,,,,,,,,,4Yr,Western New England College (Springfield MA)
1990,29,,782,FrRnd,16,Rangers,Y,Steve Rambarter (minors),LHP,,,,,,,,,,,,,4Yr,Rice University (Houston TX)
1990,29,,783,FrRnd,17,Mets,N,Will Brunson (minors),LHP,0,27,0,0,,,27,1,1,5.71,1.85,0,JC,Eastfield College (Mesquite TX)
1990,29,,786,FrRnd,20,Orioles,N,Jason Hutchins (minors),RHP,,,,,,,,,,,,,JC,Golden West College (Huntington Beach CA)
1990,29,,787,FrRnd,21,Giants,N,Lou Pote (minors),LHP,3.2,129,0,0,,,129,4,4,3.56,1.31,6,JC,Kishwaukee College (Malta IL)
1990,29,,788,FrRnd,22,Blue Jays,Y,Dale Kistaitis (minors),LHP,,,,,,,,,,,,,4Yr,University of Nebraska at Lincoln (Lincoln NE)
1990,29,,789,FrRnd,23,Cubs,N,Jay Meyer (minors),LHP,,,,,,,,,,,,,JC,Johnson County Community College (Overland Park KS)
1990,29,,790,FrRnd,24,Angels,N,Mark Ledinsky (minors),LHP,,,,,,,,,,,,,JC,College of Lake County (Grayslake IL)
1990,29,,791,FrRnd,25,Royals,Y,Charles Frederick (minors),RHP,,,,,,,,,,,,,JC,Parkland College (Champaign IL)
1990,29,,792,FrRnd,26,Athletics,Y,Craig Connolly (minors),RHP,,,,,,,,,,,,,4Yr,University of Pennsylvania (Philadelphia PA)
1990,30,,793,FrRnd,1,Braves,N,David Hollingsworth (minors),RHP,,,,,,,,,,,,,JC,Middle Georgia College (Cochran GA)
1990,30,,794,FrRnd,2,Tigers,Y,John Rosengren (minors),LHP,,,,,,,,,,,,,HS,Rye HS (Rye NY)
1990,30,,796,FrRnd,4,White Sox,Y,Roosevelt Smith (minors),RHP,,,,,,,,,,,,,4Yr,Southern University and A&amp;M College (Baton Rouge LA)
1990,30,,801,FrRnd,9,Dodgers,Y,Ben O'Connor (minors),LHP,,,,,,,,,,,,,4Yr,University of Maryland (College Park MD)
1990,30,,802,FrRnd,10,Yankees,N,Brad Stuart (minors),RHP,,,,,,,,,,,,,4Yr,University of New Orleans (New Orleans LA)
1990,30,,803,FrRnd,11,Expos,Y,Brian Shehan (minors),RHP,,,,,,,,,,,,,4Yr,University of North Carolina at Asheville (Asheville NC)
1990,30,,804,FrRnd,12,Twins,N,Charles MacKendrick (minors),RHP,,,,,,,,,,,,,HS,Grand Junction HS (Grand Junction CO)
1990,30,,808,FrRnd,16,Rangers,N,Noe Najera (minors),LHP,,,,,,,,,,,,,JC,Cypress College (Cypress CA)
1990,30,,810,FrRnd,18,Red Sox,N,Jerry Burns (minors),RHP,,,,,,,,,,,,,JC,Napa Valley College (Napa CA)
1990,30,,811,FrRnd,19,Padres,Y,Ryan Ivie (minors),LHP,,,,,,,,,,,,,HS,Tumwater HS (Tumwater WA)
1990,30,,817,FrRnd,25,Royals,N,Brian Bevil (minors),RHP,-0.6,60,0,0,,,60,5,3,6.28,1.6,1,JC,Angelina College (Lufkin TX)
1990,30,,818,FrRnd,26,Athletics,Y,Mike Newson (minors),RHP,,,,,,,,,,,,,HS,Crenshaw HS (Los Angeles CA)
1990,31,,822,FrRnd,4,White Sox,Y,Todd Hotz (minors),LHP,,,,,,,,,,,,,4Yr,University of Texas at Austin (Austin TX)
1990,31,,823,FrRnd,5,Pirates,N,Mark Larosa (minors),LHP,,,,,,,,,,,,,4Yr,Louisiana State University (Baton Rouge LA)
1990,31,,825,FrRnd,7,Reds,N,Jorge Ortiz (minors),RHP,,,,,,,,,,,,,,
1990,31,,828,FrRnd,10,Yankees,N,Kent Donnelly (minors),RHP,,,,,,,,,,,,,HS,Foothill HS (Santa Ana CA)
1990,31,,831,FrRnd,13,Cardinals,Y,Brian Sullivan (minors),LHP,,,,,,,,,,,,,4Yr,Cumberland University (Lebanon TN)
1990,31,,832,FrRnd,14,Brewers,Y,Mike Lynch (minors),RHP,,,,,,,,,,,,,4Yr,Rollins College (Winter Park FL)
1990,31,,833,FrRnd,15,Astros,Y,Michael Irwin (minors),RHP,,,,,,,,,,,,,4Yr,University of Portland (Portland OR)
1990,31,,834,FrRnd,16,Rangers,Y,Scott Erickson (minors),LHP,,,,,,,,,,,,,4Yr,University of Nebraska at Kearney (Kearney NE)
1990,31,,835,FrRnd,17,Mets,N,Joe Sewell (minors),RHP,,,,,,,,,,,,,4Yr,University of California Irvine (Irvine CA)
1990,31,,836,FrRnd,18,Red Sox,N,Jeff Johnson (minors),RHP,,,,,,,,,,,,,JC,Fresno City College (Fresno CA)
1990,31,,837,FrRnd,19,Padres,Y,Michael Bradley (minors),RHP,,,,,,,,,,,,,4Yr,University of Texas at Austin (Austin TX)
1990,31,,838,FrRnd,20,Orioles,Y,Todd Unrein (minors),LHP,,,,,,,,,,,,,4Yr,University of Louisiana at Lafayette (Lafayette LA)
1990,31,,840,FrRnd,22,Blue Jays,Y,Gregory Wilcox (minors),RHP,,,,,,,,,,,,,4Yr,Davidson College (Davidson NC)
1990,31,,841,FrRnd,23,Cubs,Y,Chuck Kirk (minors),RHP,,,,,,,,,,,,,4Yr,Jacksonville University (Jacksonville FL)
1990,31,,842,FrRnd,24,Angels,Y,Louis Pakele (minors),RHP,,,,,,,,,,,,,4Yr,University of Hawaii at Hilo (Hilo HI)
1990,31,,844,FrRnd,26,Athletics,Y,Scott Rose (minors),RHP,,,,,,,,,,,,,JC,Hillsborough Community College (Tampa FL)
1990,32,,846,FrRnd,2,Tigers,Y,Brian Schubert (minors),RHP,,,,,,,,,,,,,4Yr,Kent State University (Kent OH)
1990,32,,847,FrRnd,3,Phillies,Y,Sam Edwards (minors),RHP,,,,,,,,,,,,,HS,Gateway HS (Kissimmee FL)
1990,32,,851,FrRnd,7,Reds,N,Edwin Corps (minors),RHP,,,,,,,,,,,,,,
1990,32,,855,FrRnd,11,Expos,N,K.J. Jacobson (minors),RHP,,,,,,,,,,,,,JC,Bellevue Community College (Bellevue WA)
1990,32,,861,FrRnd,17,Mets,N,Mike Holtz (minors),LHP,1.1,353,3,0,0,0,353,16,20,4.76,1.57,3,HS,Central Cambria HS (Ebensburg PA)
1990,32,,864,FrRnd,20,Orioles,Y,Greg Hays (minors),RHP,,,,,,,,,,,,,4Yr,California State University Long Beach (Long Beach CA)
1990,32,,866,FrRnd,22,Blue Jays,Y,Kyle Duey (minors),RHP,,,,,,,,,,,,,4Yr,University of Portland (Portland OR)
1990,32,,867,FrRnd,23,Cubs,N,Benjamin Bryant (minors),RHP,,,,,,,,,,,,,JC,San Jacinto College (Pasadena TX)
1990,32,,869,FrRnd,25,Royals,N,Marcello Hansen (minors),LHP,,,,,,,,,,,,,JC,Olympic College (Bremerton WA)
1990,32,,870,FrRnd,26,Athletics,Y,Craig Sudbury (minors),RHP,,,,,,,,,,,,,4Yr,University of Utah (Salt Lake City UT)
1990,33,,872,FrRnd,2,Tigers,Y,Bob Undorf (minors),RHP,,,,,,,,,,,,,4Yr,University of South Florida (Tampa FL)
1990,33,,873,FrRnd,3,Phillies,Y,Thomas Jones (minors),RHP,,,,,,,,,,,,,4Yr,Sam Houston State University (Huntsville TX)
1990,33,,874,FrRnd,4,White Sox,N,Jason Hisey (minors),RHP,,,,,,,,,,,,,4Yr,University of Arizona (Tucson AZ)
1990,33,,875,FrRnd,5,Pirates,Y,Dave Pike (minors),RHP,,,,,,,,,,,,,HS,Riverview HS (Sarasota FL)
1990,33,,876,FrRnd,6,Mariners,Y,Dion Gargagriano (minors),LHP,,,,,,,,,,,,,JC,County College of Morris (Randolph NJ)
1990,33,,877,FrRnd,7,Reds,Y,Charles McClain (minors),RHP,,,,,,,,,,,,,4Yr,University of Tennessee (Knoxville TN)
1990,33,,878,FrRnd,8,Indians,Y,Ken Day (minors),RHP,,,,,,,,,,,,,4Yr,Washington State University (Pullman WA)
1990,33,,879,FrRnd,9,Dodgers,Y,Albert Maldonado (minors),LHP,,,,,,,,,,,,,HS,Barringer HS (Newark NJ)
1990,33,,880,FrRnd,10,Yankees,N,John Sutherland (minors),RHP,,,,,,,,,,,,,4Yr,University of California Los Angeles (Los Angeles CA)
1990,33,,881,FrRnd,11,Expos,N,Rick Navarro (minors),RHP,,,,,,,,,,,,,HS,Pomona HS (Pomona CA)
1990,33,,882,FrRnd,12,Twins,N,Geoff Edsell (minors),RHP,,,,,,,,,,,,,HS,Montoursville HS (Montoursville PA)
1990,33,,883,FrRnd,13,Cardinals,Y,Brian Avram (minors),RHP,,,,,,,,,,,,,JC,College of Southern Idaho (Twin Falls ID)
1990,33,,886,FrRnd,16,Rangers,Y,Mark Finney (minors),RHP,,,,,,,,,,,,,JC,Glendale Community College (Glendale CA)
1990,33,,890,FrRnd,20,Orioles,Y,Jim Dedrick (minors),RHP,0.3,6,0,0,,,6,0,0,2.35,1.83,0,4Yr,Vanguard University of Southern California (Costa Mesa CA)
1990,33,,892,FrRnd,22,Blue Jays,Y,Bobby Aylmer (minors),LHP,,,,,,,,,,,,,4Yr,Fordham University (New York NY)
1990,33,,894,FrRnd,24,Angels,Y,Jeff Ball (minors),RHP,,,,,,,,,,,,,4Yr,University of Hawaii at Manoa (Honolulu HI)
1990,33,,895,FrRnd,25,Royals,Y,Scott Davis (minors),RHP,,,,,,,,,,,,,4Yr,Adelphi University (Garden City NY)
1990,33,,896,FrRnd,26,Athletics,Y,Jeff Clifford (minors),RHP,,,,,,,,,,,,,4Yr,Assumption College (Worcester MA)
1990,34,,898,FrRnd,2,Tigers,N,Tom Paskievitch (minors),RHP,,,,,,,,,,,,,4Yr,Central Michigan University (Mount Pleasant MI)
1990,34,,899,FrRnd,3,Phillies,N,Danny Miller (minors),RHP,,,,,,,,,,,,,HS,Poway HS (Poway CA)
1990,34,,900,FrRnd,4,White Sox,N,Billy Warner (minors),RHP,,,,,,,,,,,,,HS,Central Private HS (Greenwell Springs LA)
1990,34,,906,FrRnd,10,Yankees,Y,Pat Morphy (minors),RHP,,,,,,,,,,,,,4Yr,University of Louisiana at Monroe (Monroe LA)
1990,34,,908,FrRnd,12,Twins,Y,Kurt Pfeffer (minors),RHP,,,,,,,,,,,,,JC,College of Marin (Kentfield CA)
1990,34,,909,FrRnd,13,Cardinals,Y,John Kelly (minors),RHP,,,,,,,,,,,,,4Yr,Kennesaw State University (Kennesaw GA)
1990,34,,910,FrRnd,14,Brewers,N,Alonso Beltran (minors),RHP,,,,,,,,,,,,,HS,Socorro HS (El Paso TX)
1990,34,,911,FrRnd,15,Astros,N,Joe Gonzalez (minors),RHP,,,,,,,,,,,,,HS,Miami Senior HS (Miami FL)
1990,34,,913,FrRnd,17,Mets,N,Aaron Richards (minors),P,,,,,,,,,,,,,HS,Westlake Austin HS (Austin TX)
1990,34,,915,FrRnd,19,Padres,Y,Paul Martin (minors),RHP,,,,,,,,,,,,,JC,Florida College (Jacksonville FL)
1990,34,,916,FrRnd,20,Orioles,N,Matt Jarvis (minors),LHP,,,,,,,,,,,,,HS,La Cueva HS (Albuquerque NM)
1990,34,,921,FrRnd,25,Royals,Y,Sean Franceschi (minors),LHP,,,,,,,,,,,,,4Yr,University of New Orleans (New Orleans LA)
1990,34,,922,FrRnd,26,Athletics,Y,Tony Gechter (minors),RHP,,,,,,,,,,,,,JC,Trinidad State Junior College (Trinidad CO)
1990,35,,923,FrRnd,1,Braves,N,Scott Watkins (minors),LHP,-0.1,27,0,0,,,27,0,0,5.4,1.52,0,JC,Seminole Community College (Sanford FL)
1990,35,,925,FrRnd,3,Phillies,N,John Salamon (minors),RHP,,,,,,,,,,,,,HS,Sto-Rox HS (McKees Rocks PA)
1990,35,,926,FrRnd,4,White Sox,N,Cedrick Thomas (minors),LHP,,,,,,,,,,,,,JC,Gulf Coast Community College (Panama City FL)
1990,35,,932,FrRnd,10,Yankees,N,Kevin Ohme (minors),LHP,0.3,2,1,0,1,2,2,0,0,0,0.92,0,JC,Indian River Community College (Fort Pierce FL)
1990,35,,933,FrRnd,11,Expos,Y,Ryan Whitman (minors),RHP,,,,,,,,,,,,,HS,Jupiter HS (Jupiter FL)
1990,35,,934,FrRnd,12,Twins,N,Jay Belcher (minors),RHP,,,,,,,,,,,,,HS,Spring Hill HS (Olathe KS)
1990,35,,935,FrRnd,13,Cardinals,Y,Frank Speek (minors),RHP,,,,,,,,,,,,,4Yr,Liberty University (Lynchburg VA)
1990,35,,937,FrRnd,15,Astros,N,Dax Winslett (minors),RHP,,,,,,,,,,,,,HS,Plano HS (Plano TX)
1990,35,,939,FrRnd,17,Mets,Y,Jim Manfred (minors),RHP,,,,,,,,,,,,,JC,Indian Hills Community College (Centerville IA)
1990,35,,941,FrRnd,19,Padres,N,Thomas Quinn (minors),RHP,,,,,,,,,,,,,4Yr,Mississippi State University (Mississippi State MS)
1990,35,,942,FrRnd,20,Orioles,N,Bill Simas (minors),RHP,5.3,308,0,0,,,308,18,19,3.83,1.42,23,HS,St. Joseph HS (Santa Maria CA)
1990,35,,943,FrRnd,21,Giants,N,Matt Castles (minors),LHP,,,,,,,,,,,,,HS,Davis HS (Davis CA)
1990,35,,944,FrRnd,22,Blue Jays,Y,Russell Filter (minors),RHP,,,,,,,,,,,,,4Yr,San Diego State University (San Diego CA)
1990,35,,946,FrRnd,24,Angels,Y,Theron Heusman (minors),LHP,,,,,,,,,,,,,JC,Redlands Community College (El Reno OK)
1990,35,,947,FrRnd,25,Royals,Y,Brad Holman (minors),RHP,0.4,19,0,0,,,19,1,3,3.72,1.18,3,4Yr,Auburn University at Montgomery (Montgomery AL)
1990,35,,948,FrRnd,26,Athletics,N,T.J. Mathews (minors),RHP,5,362,11,0,0,0.083,362,32,26,3.82,1.31,16,JC,St. Louis Community College Meramec Campus (Kirkwood MO)
1990,36,,949,FrRnd,1,Braves,Y,Brian Dare (minors),LHP,,,,,,,,,,,,,4Yr,University of Texas at Austin (Austin TX)
1990,36,,951,FrRnd,3,Phillies,Y,Bill Higgins (minors),RHP,,,,,,,,,,,,,HS,Clinch Valley County HS (Castlewood VA)
1990,36,,952,FrRnd,4,White Sox,Y,Jason Bere (minors),RHP,3.3,211,161,0,0.186,0.442,211,71,65,5.14,1.55,0,JC,Middlesex Community College (Bedford MA)
1990,36,,953,FrRnd,5,Pirates,N,Mike Russell (minors),RHP,,,,,,,,,,,,,HS,Fort Vancouver HS (Vancouver WA)
1990,36,,954,FrRnd,6,Mariners,Y,Salvy Urbo (minors),LHP,,,,,,,,,,,,,HS,H. B. Plant HS (Tampa FL)
1990,36,,957,FrRnd,9,Dodgers,Y,Mike Brady (minors),LHP,,,,,,,,,,,,,4Yr,Florida State University (Tallahassee FL)
1990,36,,960,FrRnd,12,Twins,N,Alejandro Pereira (minors),LHP,,,,,,,,,,,,,HS,Southwest Miami HS (Miami FL)
1990,36,,963,FrRnd,15,Astros,Y,Scott Black (minors),RHP,,,,,,,,,,,,,4Yr,University of Missouri Columbia (Columbia MO)
1990,36,,967,FrRnd,19,Padres,Y,Joe Waldron (minors),LHP,,,,,,,,,,,,,4Yr,Southwestern Oklahoma State University (Weatherford OK)
1990,36,,970,FrRnd,22,Blue Jays,Y,John Gilligan (minors),RHP,,,,,,,,,,,,,4Yr,University of Southern Mississippi (Hattiesburg MS)
1990,36,,974,FrRnd,26,Athletics,Y,Tony Scharff (minors),RHP,,,,,,,,,,,,,4Yr,Oklahoma City University (Oklahoma City OK)
1990,37,,977,FrRnd,3,Phillies,Y,Mike Montgomery (minors),RHP,,,,,,,,,,,,,4Yr,East Tennessee State University (Johnson City TN)
1990,37,,978,FrRnd,4,White Sox,N,Ron Scott (minors),LHP,,,,,,,,,,,,,HS,Sarasota HS (Sarasota FL)
1990,37,,979,FrRnd,5,Pirates,N,John Carter (minors),RHP,,,,,,,,,,,,,HS,Simeon HS (Chicago IL)
1990,37,,986,FrRnd,12,Twins,N,Brian Klepper (minors),LHP,,,,,,,,,,,,,HS,Iola HS (Iola KS)
1990,37,,987,FrRnd,13,Cardinals,Y,Tom Fusco (minors),LHP,,,,,,,,,,,,,4Yr,Long Island University Brooklyn Campus (Brooklyn NY)
1990,37,,994,FrRnd,20,Orioles,Y,Ihosvany Marquez (minors),RHP,,,,,,,,,,,,,HS,Miami Springs HS (Miami Springs FL)
1990,37,,995,FrRnd,21,Blue Jays,Y,Ricardo Jordan (minors),LHP,0.1,69,2,0,0,0,69,5,4,5.25,1.68,1,JC,Miami-Dade College (Miami FL)
1990,37,,996,FrRnd,22,Cubs,N,Edwin Zayas (minors),RHP,,,,,,,,,,,,,HS,Luquillo HS (Luquillo PR)
1990,37,,997,FrRnd,23,Angels,Y,Ron Watson (minors),RHP,,,,,,,,,,,,,4Yr,Eckerd College (St. Petersburg FL)
1990,37,,999,FrRnd,25,Athletics,Y,Todd Revenig (minors),RHP,0.1,2,0,0,,,2,0,0,0,1,0,4Yr,Minnesota State University Mankato (Mankato MN)
1990,38,,1001,FrRnd,2,Tigers,Y,Bob Fazekas (minors),RHP,,,,,,,,,,,,,4Yr,Rutgers the State University of New Jersey (New Brunswick NJ)
1990,38,,1004,FrRnd,5,Pirates,Y,Tim French (minors),RHP,,,,,,,,,,,,,4Yr,Northern Kentucky University (Highland Heights KY)
1990,38,,1006,FrRnd,7,Reds,N,Jim Rushworth (minors),RHP,,,,,,,,,,,,,JC,Panola College (Carthage TX)
1990,38,,1007,FrRnd,8,Indians,Y,Joseph Fleet (minors),RHP,,,,,,,,,,,,,4Yr,Southeastern Louisiana University (Hammond LA)
1990,38,,1008,FrRnd,9,Dodgers,N,Brady Raggio (minors),RHP,-1.5,29,4,0,0,0,29,2,3,8.1,2.14,1,HS,San Ramon Valley HS (Danville CA)
1990,38,,1009,FrRnd,10,Yankees,Y,John Thibert (minors),RHP,,,,,,,,,,,,,JC,Mesa Community College (Mesa AZ)
1990,38,,1010,FrRnd,11,Expos,Y,John Polasek (minors),P,,,,,,,,,,,,,4Yr,Rice University (Houston TX)
1990,38,,1012,FrRnd,13,Cardinals,Y,Darryl Meek (minors),RHP,,,,,,,,,,,,,HS,Parkway South HS (Manchester MO)
1990,38,,1013,FrRnd,14,Brewers,N,Steve Boyd (minors),RHP,,,,,,,,,,,,,JC,Central Arizona College (Coolidge AZ)
1990,38,,1015,FrRnd,16,Rangers,Y,Christopher Gies (minors),RHP,,,,,,,,,,,,,JC,Seminole Community College (Sanford FL)
1990,38,,1016,FrRnd,17,Mets,N,Andrew Lorraine (minors),LHP,-1,60,24,0,0.125,0.359,59,6,11,6.53,1.72,0,HS,William S. Hart HS (Santa Clarita CA)
1990,38,,1019,FrRnd,20,Blue Jays,Y,Frank Kower (minors),RHP,,,,,,,,,,,,,4Yr,University of North Carolina at Charlotte (Charlotte NC)
1990,38,,1022,FrRnd,23,Royals,Y,Dave Hierholzer (minors),RHP,,,,,,,,,,,,,4Yr,Kansas State University (Manhattan KS)
1990,39,,1025,FrRnd,2,Tigers,Y,Robert Riker (minors),RHP,,,,,,,,,,,,,4Yr,Central Michigan University (Mount Pleasant MI)
1990,39,,1027,FrRnd,4,White Sox,N,Mike Potter (minors),RHP,,,,,,,,,,,,,JC,Central Arizona College (Coolidge AZ)
1990,39,,1029,FrRnd,6,Mariners,N,Kenny Williams (minors),RHP,,,,,,,,,,,,,HS,Elk Grove HS (Elk Grove CA)
1990,39,,1031,FrRnd,8,Indians,Y,Tim Langdon (minors),LHP,,,,,,,,,,,,,4Yr,East Carolina University (Greenville NC)
1990,39,,1033,FrRnd,10,Yankees,N,Mike Heathcott (minors),RHP,0.1,1,0,0,,,1,0,0,3,1,0,4Yr,Creighton University (Omaha NE)
1990,39,,1036,FrRnd,13,Cardinals,Y,Mike Jolley (minors),RHP,,,,,,,,,,,,,4Yr,Dixie State College of Utah (St. George UT)
1990,39,,1038,FrRnd,15,Astros,Y,Jason Wall (minors),LHP,,,,,,,,,,,,,4Yr,Louisiana State University (Baton Rouge LA)
1990,39,,1039,FrRnd,16,Rangers,Y,Tim Cain (minors),RHP,,,,,,,,,,,,,4Yr,University of Connecticut (Storrs CT)
1990,39,,1041,FrRnd,18,Padres,Y,Aaron Frederickson (minors),LHP,,,,,,,,,,,,,4Yr,University of Portland (Portland OR)
1990,39,,1045,FrRnd,22,Angels,N,Todd Blyleven (minors),RHP,,,,,,,,,,,,,HS,Villa Park HS (Villa Park CA)
1990,40,,1049,FrRnd,2,Tigers,Y,Eric Leimeister (minors),RHP,,,,,,,,,,,,,4Yr,St. John's University (Queens NY)
1990,40,,1055,FrRnd,8,Dodgers,Y,Larry Jacinto (minors),RHP,,,,,,,,,,,,,4Yr,Southern California Christian College (Costa Mesa CA)
1990,40,,1064,FrRnd,17,Padres,Y,Al Sadler (minors),RHP,,,,,,,,,,,,,HS,Rockdale County HS (Conyers GA)
1990,40,,1065,FrRnd,18,Orioles,N,Kevin Ryan (minors),RHP,,,,,,,,,,,,,JC,Seminole Community College (Sanford FL)
1990,40,,1067,FrRnd,20,Cubs,N,Jimmy Riggio (minors),RHP,,,,,,,,,,,,,HS,Chamberlain HS (Tampa FL)
1990,40,,1068,FrRnd,21,Angels,N,John Deremer (minors),RHP,,,,,,,,,,,,,JC,San Jose City College (San Jose CA)
1990,41,,1074,FrRnd,4,White Sox,N,Matt Skrmetta (minors),RHP,-1,14,2,0,0,0,14,2,2,11.66,1.91,0,HS,Satellite Beach HS (Satellite Beach FL)
1990,41,,1076,FrRnd,6,Mariners,N,Gary Miller (minors),RHP,,,,,,,,,,,,,4Yr,Pennsylvania State University (State College PA)
1990,41,,1079,FrRnd,9,Yankees,N,John Wasdin (minors),RHP,3.2,328,19,0,0.158,0.411,328,39,39,5.28,1.42,7,HS,Godby HS (Tallahassee FL)
1990,41,,1082,FrRnd,12,Cardinals,Y,Andy Petersen (minors),RHP,,,,,,,,,,,,,4Yr,San Diego State University (San Diego CA)
1990,41,,1083,FrRnd,13,Brewers,Y,David Acevedo (minors),RHP,,,,,,,,,,,,,,
1990,41,,1084,FrRnd,14,Astros,Y,Scott Bullard (minors),RHP,,,,,,,,,,,,,JC,Florida College (Jacksonville FL)
1990,41,,1085,FrRnd,15,Rangers,Y,Tim Stafford (minors),RHP,,,,,,,,,,,,,4Yr,McNeese State University (Lake Charles LA)
1990,41,,1086,FrRnd,16,Mets,N,Shaun Watson (minors),RHP,,,,,,,,,,,,,HS,Southwestern HS (Brighton HI)
1990,41,,1089,FrRnd,19,Blue Jays,Y,Joe Ganote (minors),RHP,,,,,,,,,,,,,4Yr,University of North Carolina at Charlotte (Charlotte NC)
1990,41,,1093,FrRnd,23,Athletics,Y,Tony Fults (minors),LHP,,,,,,,,,,,,,HS,Franklin County HS (Winchester TN)
1990,42,,1094,FrRnd,1,Braves,Y,John Wilder (minors),RHP,,,,,,,,,,,,,HS,South Florence HS (Florence SC)
1990,42,,1097,FrRnd,4,White Sox,N,Brian Hancock (minors),LHP,,,,,,,,,,,,,JC,Volunteer State Community College (Gallatin TN)
1990,42,,1098,FrRnd,5,Mariners,N,Armando Morales (minors),RHP,,,,,,,,,,,,,JC,Indian Hills Community College (Centerville IA)
1990,42,,1100,FrRnd,7,Dodgers,N,Clint Minear (minors),LHP,,,,,,,,,,,,,JC,East Mississippi Community College (Scooba MS)
1990,42,,1102,FrRnd,9,Expos,N,Jake Benz (minors),LHP,,,,,,,,,,,,,HS,College Park HS (Pleasant Hill CA)
1990,42,,1104,FrRnd,11,Cardinals,Y,Kevin Nielsen (minors),LHP,,,,,,,,,,,,,4Yr,San Diego State University (San Diego CA)
1990,42,,1105,FrRnd,12,Brewers,N,Reid Mizuguchi (minors),RHP,,,,,,,,,,,,,4Yr,University of Southern California (Los Angeles CA)
1990,42,,1113,FrRnd,20,Angels,N,Jay Hassel (minors),RHP,,,,,,,,,,,,,JC,Rancho Santiago College (Santa Ana CA)
1990,43,,1116,FrRnd,1,Braves,N,Billy Maitland (minors),RHP,,,,,,,,,,,,,HS,Dinwiddie HS (Sutherland VA)
1990,43,,1117,FrRnd,2,Tigers,Y,Brian Warren (minors),RHP,,,,,,,,,,,,,4Yr,New Mexico State University (Las Cruces NM)
1990,43,,1118,FrRnd,3,Phillies,Y,Eric Hill (minors),RHP,,,,,,,,,,,,,JC,Walters State Community College (Morristown TN)
1990,43,,1119,FrRnd,4,White Sox,Y,Don Culberson (minors),RHP,,,,,,,,,,,,,4Yr,Texas State University (San Marcos TX)
1990,43,,1123,FrRnd,8,Yankees,N,Dan Redovian (minors),RHP,,,,,,,,,,,,,JC,Eastern Florida State College (Cocoa FL)
1990,43,,1124,FrRnd,9,Expos,N,John Rogers (minors),LHP,,,,,,,,,,,,,JC,East Los Angeles College (Monterey Park CA)
1990,43,,1128,FrRnd,13,Astros,N,Donnie Dault (minors),RHP,,,,,,,,,,,,,HS,S. F. Austin HS (Austin TX)
1990,43,,1129,FrRnd,14,Rangers,N,Donavon Hopper (minors),RHP,,,,,,,,,,,,,HS,Goldendale HS (Goldendale WA)
1990,43,,1133,FrRnd,18,Blue Jays,N,Patrick Valero (minors),LHP,,,,,,,,,,,,,4Yr,Kent State University (Kent OH)
1990,43,,1137,FrRnd,22,Athletics,N,Sean Lowe (minors),RHP,1.7,248,22,0,0.136,0.273,248,23,15,4.95,1.54,3,JC,McLennan Community College (Waco TX)
1990,44,,1138,FrRnd,1,Braves,N,Christopher Robbins (minors),RHP,,,,,,,,,,,,,HS,Union County HS (Blairsville GA)
1990,44,,1139,FrRnd,2,Tigers,N,Matthew Hammett (minors),LHP,,,,,,,,,,,,,JC,Macomb Community College (Warren MI)
1990,44,,1145,FrRnd,8,Yankees,N,William Lawrence (minors),LHP,,,,,,,,,,,,,HS,Gulf Breeze HS (Gulf Breeze FL)
1990,44,,1147,FrRnd,10,Twins,N,Greg Stephens (minors),RHP,,,,,,,,,,,,,HS,South HS (Fargo MO)
1990,44,,1148,FrRnd,11,Cardinals,Y,Craig Ruyak (minors),RHP,,,,,,,,,,,,,4Yr,College of William and Mary (Williamsburg VA)
1990,44,,1149,FrRnd,12,Brewers,N,Clinton Brown (minors),RHP,,,,,,,,,,,,,JC,Taft College (Taft CA)
1990,44,,1150,FrRnd,13,Astros,N,Robert McCloud (minors),RHP,,,,,,,,,,,,,JC,Palomar College (San Marcos CA)
1990,44,,1152,FrRnd,15,Mets,N,Douglas Yartz (minors),LHP,,,,,,,,,,,,,JC,Yuba Community College (Marysville CA)
1990,44,,1155,FrRnd,18,Blue Jays,N,Todd Weinberg (minors),LHP,,,,,,,,,,,,,HS,Somerset HS (Somerset MA)
1990,44,,1157,FrRnd,20,Angels,Y,Todd Refnes (minors),RHP,,,,,,,,,,,,,4Yr,California Polytechnic State University San Luis Obispo (San Luis Obispo CA)
1990,45,,1164,FrRnd,5,Mariners,N,Brian Fontes (minors),RHP,,,,,,,,,,,,,JC,Fresno City College (Fresno CA)
1990,45,,1165,FrRnd,6,Indians,N,Efrain Montero (minors),LHP,,,,,,,,,,,,,4Yr,Mount Vernon Nazarene University (Mount Vernon OH)
1990,45,,1166,FrRnd,7,Dodgers,N,Jason Sengbusch (minors),RHP,,,,,,,,,,,,,HS,Westfield HS (Oxford WI)
1990,45,,1167,FrRnd,8,Yankees,N,Albert Perez (minors),RHP,,,,,,,,,,,,,JC,Ohlone College (Fremont CA)
1990,45,,1175,FrRnd,16,Blue Jays,Y,Travis Baptist (minors),LHP,0.2,13,0,0,,,13,0,1,5.67,1.67,0,HS,Hillsboro HS (Hillsboro OR)
1990,45,,1178,FrRnd,19,Royals,N,Scott Moten (minors),RHP,,,,,,,,,,,,,HS,Bellflower HS (Bellflower CA)
1990,46,,1180,FrRnd,1,Braves,Y,Sam Rutter (minors),RHP,,,,,,,,,,,,,HS,Abingdon HS (Abingdon VA)
1990,46,,1184,FrRnd,5,Mariners,Y,Chuck Wiley (minors),RHP,,,,,,,,,,,,,JC,Johnson County Community College (Overland Park KS)
1990,46,,1186,FrRnd,7,Dodgers,Y,Thomas Matthews (minors),RHP,,,,,,,,,,,,,4Yr,Edinboro University of Pennsylvania (Edinboro PA)
1990,46,,1193,FrRnd,14,Mets,Y,Scotty Williams (minors),RHP,,,,,,,,,,,,,HS,Morristown HS (Morristown TN)
1990,46,,1194,FrRnd,15,Padres,Y,Jeff Brown (minors),LHP,,,,,,,,,,,,,JC,Navarro College (Corsicana TX)
1990,46,,1197,FrRnd,18,Royals,N,Brian Gelzheiser (minors),RHP,,,,,,,,,,,,,HS,Baldwin HS (Pittsburgh PA)
1990,46,,1198,FrRnd,19,Athletics,N,Marcus Miller (minors),RHP,,,,,,,,,,,,,HS,Bay HS (Panama City FL)
1990,47,,1199,FrRnd,1,Braves,Y,Shannon Ledwick (minors),RHP,,,,,,,,,,,,,JC,Ranger College (Ranger TX)
1990,47,,1200,FrRnd,2,Tigers,N,Steven Hughart (minors),LHP,,,,,,,,,,,,,JC,Eastern Florida State College (Cocoa FL)
1990,47,,1202,FrRnd,4,White Sox,N,Chad Zerbe (minors),LHP,0.5,114,20,0,0.15,0.3,114,6,1,3.87,1.36,0,HS,Gaither HS (Tampa FL)
1990,47,,1205,FrRnd,7,Dodgers,N,Joe Jacobsen (minors),RHP,,,,,,,,,,,,,HS,Clovis West HS (Fresno CA)
1990,47,,1214,FrRnd,16,Blue Jays,N,John Allan (minors),LHP,,,,,,,,,,,,,JC,Yakima Valley Community College (Yakima WA)
1990,47,,1216,FrRnd,18,Royals,N,Sean Strade (minors),RHP,,,,,,,,,,,,,HS,Grant HS (Portland OR)
1990,47,,1217,FrRnd,19,Athletics,N,Oscar Draper (minors),RHP,,,,,,,,,,,,,HS,Johnson HS (Huntsville AL)
1990,48,,1223,FrRnd,6,Indians,N,Jay Vaught (minors),RHP,,,,,,,,,,,,,HS,Deer Park HS (Deer Park TX)
1990,48,,1228,FrRnd,11,Cardinals,N,Mike Coletti (minors),LHP,,,,,,,,,,,,,JC,Seminole Community College (Sanford FL)
1990,48,,1232,FrRnd,15,Padres,Y,Tim Ploeger (minors),RHP,,,,,,,,,,,,,HS,Western HS (Las Vegas NV)
1990,48,,1233,FrRnd,16,Blue Jays,N,Chris Laiche (minors),LHP,,,,,,,,,,,,,HS,St. Martin's Episcopal HS (Metairie LA)
1990,48,,1236,FrRnd,19,Athletics,N,Rob Pierce (minors),RHP,,,,,,,,,,,,,4Yr,Dixie State College of Utah (St. George UT)
1990,49,,1237,FrRnd,1,Braves,N,Adan Garcia (minors),RHP,,,,,,,,,,,,,HS,Gadsden HS (Anthony NM)
1990,49,,1238,FrRnd,2,Tigers,N,Gregory Steele (minors),RHP,,,,,,,,,,,,,HS,Homer HS (Homer MI)
1990,49,,1240,FrRnd,4,White Sox,Y,Andy Hoey (minors),RHP,,,,,,,,,,,,,4Yr,Central Washington University (Ellensburg WA)
1990,49,,1241,FrRnd,5,Mariners,N,George Glinatsis (minors),RHP,-0.3,2,0,0,,,2,0,1,13.5,2.81,0,4Yr,University of Cincinnati (Cincinnati OH)
1990,49,,1242,FrRnd,6,Indians,N,Joseph Chastain (minors),LHP,,,,,,,,,,,,,JC,Florida College (Jacksonville FL)
1990,49,,1244,FrRnd,8,Yankees,N,Tim Kester (minors),RHP,,,,,,,,,,,,,HS,Coral Springs HS (Coral Springs FL)
1990,49,,1249,FrRnd,13,Rangers,Y,Devin Kunz (minors),LHP,,,,,,,,,,,,,4Yr,Brigham Young University (Provo UT)
1990,49,,1250,FrRnd,14,Mets,N,Claude Allen (minors),RHP,,,,,,,,,,,,,HS,Hogan HS (Vallejo CA)
1990,49,,1251,FrRnd,15,Padres,N,Alan Benes (minors),RHP,1.4,115,139,0,0.158,0.377,115,29,28,4.59,1.44,1,HS,Lake Forest HS (Lake Forest IL)
1990,49,,1252,FrRnd,16,Blue Jays,N,Ryan Henderson (minors),RHP,,,,,,,,,,,,,JC,Citrus College (Glendora CA)
1990,49,,1254,FrRnd,18,Royals,N,Craig Tucker (minors),RHP,,,,,,,,,,,,,HS,Klamath Union HS (Klamath Falls OR)
1990,50,,1256,FrRnd,1,Braves,N,Joe Hiller (minors),RHP,,,,,,,,,,,,,HS,Steubenville HS (Steubenville OH)
1990,50,,1257,FrRnd,2,Tigers,N,Karry Riley (minors),RHP,,,,,,,,,,,,,HS,Suwannee HS (Live Oak FL)
1990,50,,1262,FrRnd,7,Dodgers,N,Ismael Castaneda (minors),LHP,,,,,,,,,,,,,HS,Hanford HS (Hanford CA)
1990,50,,1268,FrRnd,13,Rangers,Y,Steve Surico (minors),LHP,,,,,,,,,,,,,4Yr,Loyola Marymount University (Los Angeles CA)
1990,50,,1269,FrRnd,14,Mets,N,Rick Helling (minors),RHP,20.6,301,104,0,0.058,0.2,301,93,81,4.68,1.38,0,JC,Kishwaukee College (Malta IL)
1990,50,,1271,FrRnd,16,Blue Jays,N,Dave Pearlman (minors),RHP,,,,,,,,,,,,,JC,Fullerton College (Fullerton CA)
1990,50,,1273,FrRnd,18,Royals,N,Richard Parker (minors),RHP,,,,,,,,,,,,,4Yr,University of Nebraska at Lincoln (Lincoln NE)
1990,51,,1279,FrRnd,6,Indians,Y,Carlos Crawford (minors),RHP,-0.4,1,1,0,0,0,1,0,1,4.91,2.45,0,JC,Montreat College (Montreat NC)
1990,51,,1283,FrRnd,10,Twins,N,Larry Lucchetti (minors),RHP,,,,,,,,,,,,,JC,San Joaquin Delta College (Stockton CA)
1990,51,,1284,FrRnd,11,Cardinals,Y,Matt Tomso (minors),RHP,,,,,,,,,,,,,HS,Mount Olive HS (Mount Olive IL)
1990,51,,1286,FrRnd,13,Rangers,Y,Tony Bouton (minors),RHP,,,,,,,,,,,,,4Yr,University of South Carolina (Columbia SC)
1990,51,,1288,FrRnd,15,Padres,Y,Rob Hays (minors),RHP,,,,,,,,,,,,,4Yr,California State University Chico (Chico CA)
1990,52,,1293,FrRnd,2,Tigers,N,Willie Adams (minors),RHP,0.9,25,0,0,,,25,6,9,5.81,1.51,0,HS,La Serna HS (Riverside CA)
1990,52,,1295,FrRnd,4,White Sox,N,Steve Davis (minors),RHP,,,,,,,,,,,,,JC,Angelina College (Lufkin TX)
1990,52,,1297,FrRnd,6,Indians,N,Chad Brown (minors),LHP,,,,,,,,,,,,,HS,North Gaston HS (Gastonia NC)
1990,52,,1301,FrRnd,10,Twins,N,Kevin Rawitzer (minors),LHP,,,,,,,,,,,,,JC,Diablo Valley College (Pleasant Hill CA)
1990,52,,1309,FrRnd,18,Royals,N,Brian Parks (minors),RHP,,,,,,,,,,,,,JC,Skagit Valley College (Mount Vernon WA)
1990,53,,1312,FrRnd,3,Phillies,N,Scott Eggleston (minors),RHP,,,,,,,,,,,,,JC,Maple Woods Community College (Kansas City MO)
1990,53,,1313,FrRnd,4,White Sox,N,Chris Hitt (minors),LHP,,,,,,,,,,,,,HS,Jersey Village HS (Houston TX)
1990,53,,1314,FrRnd,5,Mariners,N,Brian Klomp (minors),RHP,,,,,,,,,,,,,HS,McLane HS (Fresno CA)
1990,53,,1316,FrRnd,7,Dodgers,N,Robert Calton (minors),LHP,,,,,,,,,,,,,HS,Lehi HS (Lehi UT)
1990,53,,1317,FrRnd,8,Yankees,N,Scott Patrick (minors),RHP,,,,,,,,,,,,,JC,Indian River Community College (Fort Pierce FL)
1990,53,,1320,FrRnd,11,Cardinals,N,Bart Evans (minors),RHP,0.2,8,0,0,,,8,0,0,2,0.78,0,JC,Three Rivers Community College (Poplar Bluff MO)
1990,53,,1322,FrRnd,13,Rangers,N,Joey Dawley (minors),RHP,-0.4,8,1,0,0,0,8,0,0,10.91,2.04,0,HS,Canyon Springs HS (Moreno Valley CA)
1990,53,,1323,FrRnd,14,Padres,N,Al Levine (minors),RHP,6.1,416,2,0,0,0,416,24,33,3.96,1.45,10,4Yr,Southern Illinois University Carbondale (Carbondale IL)
1990,53,,1324,FrRnd,15,Blue Jays,N,David Burke (minors),RHP,,,,,,,,,,,,,HS,Clay HS (Green Cove Springs FL)
1990,54,,1327,FrRnd,1,Braves,N,Kelly Wunsch (minors),LHP,3.2,258,1,0,0,0,257,11,6,3.76,1.32,1,HS,Bellaire HS (Bellaire TX)
1990,54,,1328,FrRnd,2,Tigers,N,Doug Newstrom (minors),RHP,,,,,,,,,,,,,HS,Woodson HS (Annandale VA)
1990,54,,1333,FrRnd,7,Dodgers,Y,Todd Williams (minors),RHP,1.2,227,4,0,0.25,0.5,227,12,14,4.33,1.49,2,JC,Onondaga Community College (Syracuse NY)
1990,54,,1334,FrRnd,8,Yankees,N,Jeff Ciendrich (minors),RHP,,,,,,,,,,,,,JC,Florida SouthWestern State College (Fort Myers FL)
1990,54,,1340,FrRnd,14,Blue Jays,N,Jeffery Gatland (minors),RHP,,,,,,,,,,,,,HS,Northport HS (Northport NY)
1990,55,,1346,FrRnd,4,White Sox,N,Mike Badorek (minors),RHP,,,,,,,,,,,,,4Yr,Olivet Nazarene University (Bourbonnais IL)
1990,55,,1348,FrRnd,6,Indians,N,Brian Coleman (minors),RHP,,,,,,,,,,,,,HS,Bainbridge Island HS (Bainbridge Island WA)
1990,55,,1351,FrRnd,9,Expos,N,Gregg Press (minors),RHP,,,,,,,,,,,,,JC,Cabrillo College (Aptos CA)
1990,55,,1354,FrRnd,12,Rangers,N,Richard Juarez (minors),LHP,,,,,,,,,,,,,JC,Fresno City College (Fresno CA)
1990,55,,1355,FrRnd,13,Blue Jays,N,Rob Ippolito (minors),RHP,,,,,,,,,,,,,HS,Helix HS (Lemon Grove CA)
1990,55,,1356,FrRnd,14,Royals,Y,John Jacobs (minors),RHP,,,,,,,,,,,,,HS,Chino HS (Chino CA)
1990,56,,1361,FrRnd,5,Mariners,N,Eddie Miller (minors),RHP,,,,,,,,,,,,,JC,Compton Community College (Compton CA)
1990,56,,1363,FrRnd,7,Dodgers,N,Joe Wagner (minors),RHP,,,,,,,,,,,,,HS,Adams Friendship HS (Friendship WI)
1990,56,,1365,FrRnd,9,Expos,N,Stephen Mitchell (minors),RHP,,,,,,,,,,,,,HS,Saratoga HS (Saratoga CA)
1990,57,,1370,FrRnd,1,Braves,N,Gary Herrmann (minors),LHP,,,,,,,,,,,,,JC,Blinn College (Brenham TX)
1990,57,,1378,FrRnd,9,Cardinals,N,Travis Hunter (minors),RHP,,,,,,,,,,,,,JC,College of Southern Idaho (Twin Falls ID)
1990,57,,1379,FrRnd,10,Astros,N,Carey Landstrom (minors),RHP,,,,,,,,,,,,,JC,Los Angeles Harbor College (Wilmington CA)
1990,58,,1390,FrRnd,9,Rangers,N,Mark Lummus (minors),LHP,,,,,,,,,,,,,HS,Cleburne HS (Cleburne TX)
1990,59,,1395,FrRnd,5,Yankees,N,Tracy Latimer (minors),RHP,,,,,,,,,,,,,HS,Westwood HS (Fort Pierce FL)
1990,59,,1396,FrRnd,6,Expos,N,Christopher Lowen (minors),RHP,,,,,,,,,,,,,HS,Moreno Valley HS (Moreno Valley CA)
1990,60,,1403,FrRnd,4,Yankees,Y,Scott Kendall (minors),LHP,,,,,,,,,,,,,HS,Central HS (Port Pierce FL)
1990,60,,1404,FrRnd,5,Expos,N,Paul Carpentier (minors),RHP,,,,,,,,,,,,,JC,Chaffey College (Rancho Cucamonga CA)
1990,60,,1406,FrRnd,7,Astros,N,Bernard Bellard (minors),RHP,,,,,,,,,,,,,HS,Acadiana HS (Lafayette LA)
1990,61,,1409,FrRnd,2,Mariners,N,Ron Stanford (minors),RHP,,,,,,,,,,,,,HS,Crisp County HS (Cordele GA)
1990,61,,1411,FrRnd,4,Yankees,N,Joe Smith (minors),RHP,,,,,,,,,,,,,HS,Cardinal-Newman HS (West Palm Beach FL)
1990,62,,1415,FrRnd,2,Mariners,N,Hector Hernandez (minors),RHP,,,,,,,,,,,,,HS,Colegio Bautista (Carolina PR)
1990,62,,1417,FrRnd,4,Yankees,N,Anthony Crueger (minors),LHP,,,,,,,,,,,,,JC,Texarkana College (Texarkana TX)
1990,63,,1421,FrRnd,2,Mariners,N,Thomas Borio (minors),RHP,,,,,,,,,,,,,HS,Plainville HS (Plainville CT)
1990,63,,1424,FrRnd,5,Expos,N,Benji Grigsby (minors),RHP,,,,,,,,,,,,,JC,Lassen College (Susanville CA)
1990,63,,1425,FrRnd,6,Astros,N,Kevin Ehl (minors),RHP,,,,,,,,,,,,,JC,Cypress College (Cypress CA)
1990,64,,1426,FrRnd,1,Braves,N,Doug Valdez (minors),LHP,,,,,,,,,,,,,HS,Eldorado HS (Albuquerque NM)
1990,64,,1428,FrRnd,3,Yankees,N,Derek January (minors),LHP,,,,,,,,,,,,,JC,Miami-Dade College (Miami FL)
1990,65,,1431,FrRnd,2,Mariners,N,Matt Pontbriant (minors),LHP,,,,,,,,,,,,,HS,St. Bernard School (Montville CT)
1990,65,,1432,FrRnd,3,Yankees,N,Joe Long (minors),RHP,,,,,,,,,,,,,JC,Citrus College (Glendora CA)
1990,66,,1435,FrRnd,2,Mariners,N,Bryan Lundberg (minors),RHP,,,,,,,,,,,,,JC,Glendale Community College (Glendale CA)
1990,67,,1441,FrRnd,4,Astros,N,Jason Rathburn (minors),RHP,,,,,,,,,,,,,HS,Westlake HS (Austin TX)
1990,68,,1444,FrRnd,3,Yankees,N,Eric Methner (minors),RHP,,,,,,,,,,,,,4Yr,Michigan State University (East Lansing MI)
1990,69,,1448,FrRnd,3,Astros,N,Donald Miller (minors),RHP,,,,,,,,,,,,,HS,Sprayberry HS (Marietta GA)
1990,70,,1449,FrRnd,1,Mariners,N,Dan Ricabal (minors),RHP,,,,,,,,,,,,,HS,San Gabriel HS (San Gabriel CA)
1990,70,,1451,FrRnd,3,Astros,N,Michael Lustyk (minors),RHP,,,,,,,,,,,,,HS,Interlake HS (Bellevue WA)
1990,72,,1456,FrRnd,2,Yankees,N,Danny Rios (minors),RHP,-0.6,7,0,0,,,7,0,1,9.31,2.69,0,HS,Monsignor Edward Pace HS (Opa-locka FL)
1990,73,,1459,FrRnd,2,Yankees,N,Ray Gossett (minors),LHP,,,,,,,,,,,,,HS,Glendora HS (Glendora CA)
1990,74,,1462,FrRnd,2,Yankees,N,Eric Taylor (minors),LHP,,,,,,,,,,,,,HS,Mingo HS (Mingo Junction OH)
1990,75,,1464,FrRnd,1,Mariners,Y,Timothy Roberts (minors),LHP,,,,,,,,,,,,,4Yr,Duke University (Durham NC)
1990,75,,1465,FrRnd,2,Astros,N,Jeff Brown (minors),RHP,,,,,,,,,,,,,JC,Schenectady County Community College (Schenectady NY)
1990,76,,1466,FrRnd,1,Astros,N,Travis Driskill (minors),RHP,-0.4,57,5,0,0,0.167,57,11,14,5.23,1.52,1,HS,L. C. Anderson HS (Austin TX)
1990,81,,1471,FrRnd,1,Astros,N,Eric Mooney (minors),LHP,,,,,,,,,,,,,HS,St. Anthony HS (Long Beach CA)
1990,82,,1472,FrRnd,1,Astros,N,Jose Matos (minors),RHP,,,,,,,,,,,,,,
1990,83,,1473,FrRnd,1,Astros,N,Danny Young (minors),LHP,-0.4,4,0,0,,,4,0,1,21,3.67,0,HS,Cannon County HS (Woodbury TN)
1990,88,,1478,FrRnd,1,Astros,N,Greg Guell (minors),LHP,,,,,,,,,,,,,JC,Miami-Dade College (Miami FL)
1990,90,,1480,FrRnd,1,Astros,N,Sean Garrison (minors),LHP,,,,,,,,,,,,,HS,Berlin HS (Kensington CT)
1990,91,,1481,FrRnd,1,Astros,N,Geoff Grenert (minors),RHP,,,,,,,,,,,,,JC,Mesa Community College (Mesa AZ)
1990,92,,1482,FrRnd,1,Astros,N,Brian Whyburn (minors),RHP,,,,,,,,,,,,,HS,Ukiah HS (Ukiah CA)
1990,93,,1483,FrRnd,1,Astros,N,Scott Mowl (minors),RHP,,,,,,,,,,,,,JC,Cerritos College (Norwalk CA)
1990,95,,1485,FrRnd,1,Astros,N,Chad Phillips (minors),RHP,,,,,,,,,,,,,JC,Orange Coast College (Costa Mesa CA)
1990,96,,1486,FrRnd,1,Astros,N,Michael Houck (minors),RHP,,,,,,,,,,,,,JC,El Camino College (Torrance CA)